Comments,Type
វីដេអូ ពេញចឹងមកគេយល់ច្រើនហើយ អញ្ចឹងហើយគេមិនយល់ច្រឡំជេ,0
៣៣៥៥ឆ្កែបើកឡាន,1
ឡានថោកហេីយចរិកអ្នកបេីកថោកទៀត GS,1
នេះជាខួររបស់តួចឹត្តអាក្រក,1
មុខពេទ្យកាល់ម៉ែត្រ,0
ចុះលេាកមិនសម្រាយចឹងតាំងពីដេីមមក យកVDOមួយផ្នែកមកត្រូវដល់អ្នកមេីលរួមទាំងខ្ញុំគ្នាយល់ច្រឡំតាំងខឹងគេ,0
ញុមចង់ជេវាថាអាចុយម្រាយតែខ្លាចវាខឹងចឹងអត់ជេវិញ,1
ខ្ញុំមើលរូបដូចជាមិនសូវអីទេណាស់តើអ្នកអីយាយចង់តែអស់សំណើច,0
អ្នកជេរគេនិងទូលរែកយកទៅ​ អាណិតតួរអង្គឯកណាស់,0
សម្រាយហើយស៊ែរអោយវាមើលផង,0
ប៉ះញុមវិញឡានសួរម៉ង,1
រឿងពិត ឬ រឿង pranks ស្រុកយើងសំបូររឿងចង់បាន view,0
និយាយអធិប្បាយបានល្អណាស់បង។មិនមែនរឿងបណ្ឌិតទេរឿងមែនទែន។,0
គេអាងមានខ្នាយដឹង,0
ត្រូវលូវហើយ,0
សង្គមតែស្ក,0
គេមានលុយបង,0
ឡាននឹងមនុស្សបេីកមែន.?,1
មកពីអូនផុសទី1 ចង់អោយគេជេរ ផុសទី2អូនចង់ធ្វើតួរឯកវិញចប់ទ,0
ប៉ះចំអ្នកកាន់សិល បើប៉ះខ្ញុំវិញ ខ្ញុំអោយវាទៅដាំស្ពៃនៅPC សុីបាយក្រហម,1
បើកកញ្ចក់ស្ដោះទឹកមាត់ដាក់ក្បាលវាមួយ,1
អាមុខនឹង,1
ឆ្កែនាក់បើកនិង,1
ទប់សេីចមិនបាន,0
មកសម្រាយមកដៀលនាក់ខមិន,0
ក្តាន់ពីស្អីនៅមុខពេទ្យកាល់ម៉ែត្រ បើមិនដឹងចេះតែនិយាយហើយប្រូ,0
បងឆ្កែចេះបើកឡានញុមមិនដែលឃើញទេ…,1
ល្អបង,0
អាអ្នកខមមិននឹងអាចុយម្នាត៊យ,1
អាឆ្កួតបេីលឡានអត់ចូលសាលាអញ្ចឹង,1
អ្នកខំមិនហ្នឹងមើលវីដេអូអត់ចប់,0
ឃើញឲ្យជាក់សឹងញាក់ចិញ្ចើម,0
ចង់ជេអាឡាន 2T 3355 នឹងថាអាឆ្កែតែខ្ញុំដូចជាក្រែងចិត្តបន្តិច🙂‍↔️,1
មានឡានជិះហើយនៅថោកទាប,1
អាខ្មៅហ្នឹងខូចមង់,0
អានេះវាមិនដែលឃើញសន្ទះក្បាលជាប់ក្រចក់ឡានវាដឺតែចឹង,1
ខ្ញុំមើលវីដេអូម្ដងៗមិនថាវីដេអូពេលណាទេដល់ផ្ទះភ្នែកហ្នឹងអាអញ្ចឹងៗម៉ងសំណាងអត់ប៉ះខ្ញុំប៉ះខ្ញុំបុកហ្អែងថែមអីបោះលុយកណ្តាលមុខបណ្តោយ។,1
បើសិបខ្ញុំមានឡាន ប៉ះខ្ញុំវិញបុកហើយគ្មានទុកទេ,1
មើលម៉េចឃើញនៅក្ដាន់ពីរ នៅមុខពេទ្យកាល់ម៉ែត្រឱ្យច្បាស់,0
អ្នកមើល vdo មុនមួយចំនួន..,0
មានវីឌីអូដើមទេបង,0
ម៉ាអាឆ្កែ,1
ខ្ញុំគ្រាន់តែមើលតាមវីដេអូបោកទូរសព្ទខូចអស់មួយហើយ សូមសរសើរចិត្តតួឯកយើងមែន,0
សំណាងហើយឡានតូចដូចគ្នាប៉ះឡានអញវិញ,1
បើកដូចអត់បានរៀនបើកបរ,0
មិនវារៀនបើកបរនៅសាលាណាទេ,0
កាលឆ្នាំ2022ខែ9 ឡាន2t 3355និងក៍បិះត្រូវជុំក្រឡង់របស់មេខ្ញុំដែរ នៅគល់ស្ពានផ្សារដីហុយ ហេតុការដូចគ្នាចឹងដែរ ប៉ុន្តែខ្លាំបានតែចឹងទេ ពេលឃេីញជុំក្រឡង់ រត់លឿនចុយម្រាយ,1
មានអ្នកណាបើកឡានឡប់ដូចវាហ្នឹងទេមានតែវាទេពឡប់តែមួយហ្នឹងមើលទៅ។,1
សុំទោសម្ចាស់ផេកសុំផ្ញើរខមមិនមួយផង,0
បានតែបែកកញ្ចក់តើចឹងអី,0
ឆ្កែបើកឡានតាបង,1
ឡានថ្លៃ តែចង្រៃឆ្កែអ្នកបើក,1
មិនចេះទេបងតែធ្វើដូចចេះណាស់។,0
ការដួយម៉ែអាចុយម្រាយ បើកឡានដូចអាចម៏អាចុយម្រាយ ឡានល្អណាស់តែម្ចាស់អន់ជាងឆ្កែទៅទៀត អាចុយម្រាយ,1
អាអ្នកខំមិនប្រហែលជាមិនដែលធ្លាប់រៀនច្បាប់ចរាចរទេ,0
មិនសំសោះ,0
មិនមែនមនុស្យបើកទេគឺសត្វឆ្កែបើកទេប្រូអាឡានមុខនឹង,1
ពួកអាថោកតែប៉ុណ្ណឹង។,1
ប៉ះខ្ញុំបុកអោយជាប់ឃឿនតាម៉ង,1
ឈប់ផ្ទះក្បាលមក,1
អាចុយម្រាយ,1
ពួកតែៗស្ករៗចឹងហើយបង,0
មែនតើបងមិនដឹងរឿងទេតែធ្វើចេះ,0
មេនមនុស្សបើកទេបងស៊ែលឆ្កែហើយមេនឆ្កែធម្មតាទៀតឆ្កែបែកថ្នាំតាមការគិតរបស់ខ្ញុំយល់ឃើញ,1
ចង់តែជេរអាឆ្កែម៉ាម៉ាត់ទេតែខ្លាចវាជេរវិញ,1
ខ្ញុំមិនបានជេរទេព្រោះមេីលវីដេអូពេញមុនបង,0
ពាក្យចុងក្រោយជាតិម៉ង,0
ប៉ះអូនអី លេងគ្នាហើយ,0
ចំណងជើងរឿង អាជើងខមិន,0
សម្រាយឡើងដូចគេអានរឿងនិទានហើយនិង នៅមានអ្នកមិនយល់ទៀតហី,0
អាស្លាប់ និយាយពត៌មាន ដូចជាលោកសូត្តធម៌ អញកោតតែអ្នកណាឲ្យអាឡប់នេះធ្វើជាអ្នកសូត្រធម៌ពត៌មានទៅកើត។,1
ល្អណាស់បង,0
អាឈ្លើយ សន្សំរឿង បើប៉ះឡានអញ ហែងស្ពៃហើយ,1
ហ្នឹងហើយខ្ញុំថាឡានខាងមុខប្រហែលជាខ្វះលុយបង់ធានាគារបានជាចង់បង្ករឿងហ្នឹងបង។,0
ចុះបុកវាអោយចុយម្រាយទៅ ជាន់កថែម,1
ចាប់មកអាក្ដ,1
បើកបរកូរសាហាវ,0
ឆ្កែអ្នកបើកហើយកងចរអ្នកខំមិន..,1
សំរាយបានល្អប្អូន,0
មិនមែនមនុស្សបេីកណាឆ្កែបេីកតេី,1
ឡានថ្លៃតែម្ចាស់ថោក,1
ឡានថ្លៃ តែអ្នកជិះថោក,1
ប៉ះពូ ក្មួយស៊យហើយក្មួយ ស៊ីកណ្តាប់ថ្មហើយ,0
ឃើញការបើកបរនេះគឺអត់គោរពច្បាប់ឬមិនចេះច្បាប់តែម្តង,0
ចង់ឲជិះជួបលោកឧកញ្ញា បានត្រូវគ្នាមនុស្សចឹង មួយគ្រាប់បែកក្បាល,1
ឡានមួយហ្នឹងបើករករឿង,0
ប៉ះខ្ញុំចិត្តជាក់ គឺ ទឹកកកម៉ាដុំធ្លុះកញ្ចក់ហើយ,1
បាញ់ចោល,1
នាក់បើកឡានទាំង២នាក់និងខ្មែរក៏សាសន៍គេបានបង្ហាញតែទង្វើនិងចរឹតអសិលធម៌ដាក់គ្នា ដូនគេថាមែនខ្មែរខ្លាំងបានតែខ្មែរគ្នាឯង អាងមានឡានបើកចរឹតនាក់ខ្លះចឹងមែនអត់ថ្លៃធ្នូសោះ អត់ចេះយោគយល់អាធ្យាស្រ័យអោយគ្នាទេចង់ឈ្នះចង់ចាញ់ គ្រាន់តែរឿងប៉ុនហ្នឹង អាពុងវ្វលៗវីវួកអូសមិនផុតពេ… See more,0
ស្ដាប់ឡើងជក,0
បើកបរបង្កររឿងបានតែចំអ្នកមែនតើ,0
ខ្ញុំបុកសិនហើយចាំដោះស្រាយ,1
គៀងអោយដល់ផ្លូវស្ងាត់បានដឹងគ្នា,0
សម្រាយរឿងមែន,0
តាំងខ្លួនជាបណ្ឌិតមែនតើ,0
ថ្លៃតែឡាន..,1
អ្នកបើកឡានGS300 និងប្រហែលជា សត្វ ដឹងបង,1
ចូលថាអោយនឹងសុតតែបងប្អូនវាទេ,0
អាអ្នកខមមិននឹងខ្វះភ្នែកតើ,1
វាចង់បង្ករឿងហើយបង។ឡានហ្នឹងនោះ,0
អ្នកខមិនសារីតែមួយទេដឹង,0
ពួកអានឹង មិចវាមិនបើកប៉ះពូកាចឧកញ៉ា ដឹងតាស្អុយជីវិតហើយអាអូន !,1
ឆ្កែបេីកGS,1
ទៅប្រកាន់វាធ្វើអី អាហ្នឹងវា មានតែក្បាលតែអត់ខួរទេ,1
សម្រាយចឹងមកបានច្បាស់,0
អាសំរឿង,0
ឆ្កែទេបើកឡានហ្នឹងនោះ,1
មានឡានថ្មីជិះហើយថោក,1
បែកកញ្ចក់ម្ដងរៀងហើយ,0
GS 300 មានជុំក្រឡង់ហើយតាមមើល,0
ស្តាយអតអតជុំក្រឡង់កុំអីបាញ់អាណឹងចោលម៉ង,1
ចុះបើដឹងថាគេចង់សន្សំរឿងចឹងហើយ ម៉េចក៏មិនព្រមបើកងាកចេញទៅរកផ្លូវផ្សេងទៀតទៅ ដឹងថាវាឆ្កួតហើយនៅចង់ឆ្កួតជាមួយវាធ្វើអី អោយវាឆ្កួតឡប់តែម្នាក់ឯងហ្នឹងទៅ,1
អានេះភ្លើៗអញ្ចឹងសមបុកវាងាប់ម្ដងមិនបានពីរាងថាអ៎គេបងអញងាប់ហើយអញត្រូវតែរាង,1
ប្រហែលជាសត្វនិងអត់រៀនច្បាប់បើកបរទេដឹង,1
ថ្ងៃក្រោយដាក់អោយពេញមកបង កុំអោយគេយល់ច្រលំទៀត,0
ជូនពរឱ្យបងឆាប់ជាពីជំងឺGS,0
បានមួយសាច់រឿង,0
អត់ទាន់បានជេរទាំងតួរឯកនិងតួរចិត្តអាក្រក់ទេ......,0
ភ្នែកភ្លឺឃើញខ្វាក់ពិបាកនិយាយគ្នាណាស់,1
អាចុយម្រាយជិះឡានភ្លើ,1
សម្រាយបានល្អ,0
ពួកអានុងឆ្កួតទេបងអត់ដឹងរឿងមកនិយាយ,1
និស្ស័យឲ្យច្បាស់ក្រឡែត,0
បេីញុមចុះសួរហេីយថាក្បាលលោកពូធ្វេីពីអី មិចរឹងយ៉ាងនេះ,1
ឡានខ្មៅរាងមិនសូវៗ,1
មានពូថៅអីគប់អោយបែកកញ្ចក់ម៉ង់,1
ឆ្កែរបើកបរទេដឹង,1
បើសិនមាន Police ជិះល្លាតដូចស្រុកគេមិនដឹងល្អយ៉ាងមិចទេ,0
អាឡានលុចស៊ីសហ្នឹងបើកឈ្លើយណាស់ក៏ធ្លាប់គៀរខ្ញុំដែរចាំផ្លាកលេខច្បាស់ណាស់តែខ្ញុំខ្ជិលបង្ករឿង,0
ចឹងមកបានច្បាស់បងស៊ែល អាឡានថោកទាប  ខ្ញុំក៏ចង់ជេរដែរ,1
នាកណាជេគាត់ខ្លះឆាន់មកស៊ុំទោសពូអាស៊ែលភ្លាម,0
បុកវាទៅបង អាមនុស្សខួរតិចចឹងទុកធ្វើអី,1
ពួកអាបណ្ឌិតខួរលាមក cmt pler,1
បងបងឯងចង់តែសួរមើលហើយតៃកុងឡានហ្នឹងវាកើតអីវាមិនចេះបើកទេដឹងថាមើល,0
រកកន្លែងងាប់ឃើញ តួអច្ឆរិយៈរបស់យើង,1
Ber nh jos vai 1= bat,1
ប៉ះនាក់ចិត្តក្ដៅគេបុកតាំងយូហើយ,0
ផឹកតែក្រូចជ្រួកតោះ,0
អាស៊ែល  ចង់អោយត្រូលពួកចឹងអោយច្រើន កុំអោយអ្នកបើកបរភ្លើៗកើនឡើងពេក ស្អប់មែនពួកអាបើកនៅផ្លូវគន្លងឆ្វេងហើយរុលចូលផ្លូវគេហើយចង់រករឿងគេទៀត។,1
វាជក់ញានមិនខលហៅប៉ូលីសទៅ,0
អាជើងស្ទាយណាស់,0
បើកដូច,0
បង ស៊ែលខឹងហើយលួងគេ,0
បេីកឡានបែបបែកថ្នាំនាក់ឯង មិនទាន់ជួបរបស់ទេ,1
ប្រហែលអាខាងមុខអស់លុយបង់ទំនាគាហើយ,0
សម្រាយចឹងល្អតាសបងញុំមើលជក់ដូចរឿងភាគចឹង,0
ប៉ះឧកញ៉ា សុីណាអីដឹកតែស្ពៃហើយអាប្អូន,0
មុខកាលម៉ែតតេីអាស៊ែល,0
ចុះទៅដាក់ក្បាលវាអោយបែក,1
ចរឹកអន់ៗចឹងមានប៉ុន្មាននាក់ទៀត។,1
មើលខមិនសុទ្ធតែតុលាការ,0
ធ្លាប់ជួបសេរីអាឡានចង់សន្សំរឿងជាន់ហ្វាំងចង់ឱ្យយើងបុកគូទឡានវាអញ្ចឹងតែវាស្មានថាយើងគ្មានកាមេរា ច្រឡំហើយអាក្អូន,0
មើលហើយខ្នាញ់ណាស់,0
ឡានខ្មៅនិងខូចម៉ងហាបើខ្ញំវិញមែនចិត្តព្រះហេ,0
ស្ទាវៗចឹងសមតែទីប,0
បើខ្ញុំបើកបុកហ្មង,1
ច្បាប់ឣេីយច្បាប់,0
មានលុយបុកឡាននឹងកម្តេចចោលម៉ង,1
មកដល់ពេលនេះហើយ អត់មានខាងណាចាប់អ្នកបើកឡាននោះមកសួរនាំទៀត,0
ស្រឡាញ់ពាក្យត្រង់ (មិនដែលកណ្ដូយម៉ែអាណាត្រូវជាន់ប្រាង គេជាន់ប្រាងចឹងទេ),1
អាខ្មៅនឹងបើកឈ្លើយម្មង,0
ឡានក៏មានចិត្តអាក្រក់ និងចិត្តល្អដែរ,0
អ្នកមិនមានពី,0
អានេះសម្យតែបាញ់ចោលតើ,1
អោយតែចឹងគង់មានថ្ងៃគេបាញងាប់ទេ,1
បើកឡានឆ្កែសុទ្ធ,1
ខ្ញុំមានបានជេណា,0
2023ឪ្យវាបង្រៀនបើកបុកគេដង់2024ម៉ែវាបង្រៀន,1
បើបះចំអាស្តរាយើងវិញដឹងតែជាងតោនមានទឹកមាត់លេបបាត់មិនទុកឲ្យសំរាយបានយូឥចឹងទេ,0
ពួកនុងគេហៅថាតុលាកាfacebook,0
គាត់ទើបរៀនបើកចឹងហើយបង,0
លេីកក្រៅដៀលឲរៀងចុកតិចទៅ ញុមកុំយូរ,0
បើកចឹងៗសមតែត្រូវដុំថ្មរបស់ពួកក្មេងៗ ពួកក្មេងដែលចាំគប់ឡានគួរគប់អាឡានឈ្លើយៗចឹង,1
អាពូជថោក,1
កុំតែក្រទេកុំអី ចេវាអាកូនមេ ច ម,1
មានឡានជិះតែអន់ចរិក ចាញ់នាក់គ្មានឡានជិះផង,1
យាយបានពីរស់ណាស់បង,0
ខ្ញុំមកអានខមិនទេ,0
បើករករឿងគេចឹងចុះវ៉ៃក្បាលវាឲបែកទៅ,1
រង់ចាំទស្សានាភាគបន្ត,0
សម្រាយបាន view ច្រើនជាងសម្រាយរឿងគួរសម,0
ទេឪវាដូមិនមែនបើអញ្ចឹងទេ,1
នៅមុខកាល់ម៉ែត្រតើពូ,0
បើខ្ញុំវិញដាក់សិន,0
មកពីអ្នកមិនអត់ចេះច្បាស់,0
សុំសើរសើរម្ចាស់ឡានទប់ចិត្តបាន,0
៣៣៥៥ដូចធ្លាប់ឃើញ,0
ប៉ះឧកញ៉ាជាប់គុកថ្មីៗនេះវិញស្ពៃហើយ,0
ឡានLexusនឹងទាល់តែប៉ះមិត្តភក្ដិខ្ញុំបានរាងដល់ជាតិក្រោយ Tou Nan,0
សសើគាត់អត់ធ្មត់បានល្អណាស់,0
ឆ្កែកអ្នកជិះទេ,1
បើឡានឡប់ៗ,1
សូមអោយថ្ងៃណារមួយ គាត់បានជួបអ្នកមានជំក្រឡង់ផងចុះ,0
អា 3355 ខ្មៅឈ្លើយម៉េះ ?,0
តួរអង្គឯងរបស់យើងខាំធ្មេញសង្គត់ចិត្តមាំណាស់,0
អាហ្នឹងជិតជាប់គុកហើយអាងាប់,1
SB studio ចូលខ្លួន,0
អត់ឃើញមានវិធានការពីនរគបាលសោះ,0
អត់ធ្មត់អី ជេរ គេរហូតនឹង  ជេគេ ហើយបង្ហោះជាសារធាណះទៀត បើម្ខាស់ឡាន GS នុងមានជុំក្រឡង ថ្ងៃក្រោយ មិនដឹងមិចទេ,0
ប៉ះខ្ញុំបុកហែងកំុតិចចោលម៉ងហា,1
អោយប៉ូលីសប្រដៅក្បាលវាចេញម្តងទៅបង,1
នាក់បើកបែបនឹងកាលងាប់អស់,1
ឡានហ្នឹងបង់រំលោះគេអត់លុយបង់ធ្វើអញ្ចឹងទើបបានលុយ,0
បើកបររញ៉េរញ៉ៃណាស់ស្រុកខ្មែរ,0
សសើរឡានតួអង់ឯកចិត្ដធ្ងន់ណាស់,0
ចារឹកមនុស្សថោកចឹងឯង,1
ឡូយបង,0
មានឡានជិៈដែរតែធ្វើថោកណាស់ហា៎,1
ល្អមើលណាស់,0
មានឡានថ្លៃជិះតែចរិតថោករកលេខដាក់គ្មាន,1
បើប៉ះអ្នកផ្សេងផ្ងាជើងលូវហើយអាបើកឌឺចឹង,0
នៅហ្នឹងឥឡូវគេហៅក្តាន់2 មែនមែនបង,0
ឆ្កែបើកតើ,1
បើខ្ញុំបូកបួលចុះវ៉ៃមួយស្មើ,1
ល្អសើចណាស់,0
រឿងនិទាន,0
ឆាបលុបវីដេអូនិងភ្លៀមបើអត់ចងមានបញ្ហា,1
ចង់ឃើញមុខអាអ្នកបើកឡានហ្នឹង,1
ដៀលអេមបង,0
ហៅវីទៅផឹកកាហេ្វទៅ,0
អាអ្នកបើកឡាននឹងប្រហែលវាមានជុំក៏ឡង់ហើយបានវាចង់អោយគេបុក,0
ខ្ញុំដាក់សំដៅលេីអ្នកខមិនជេរគេតាមគ្នា,0
គ្នាវាទេនាក់ជួយការពារ,0
ចេះសម្រាយពិរោះហេីយកំម្លែងទៀត,0
មកពីគាត់មាន(ព.ម)ក្បាល់៩ទើបគាត់បើកឡានដូចព្រាយក្បាល៩ដែរចឹងដែរ,1
ចះុដាក់ក្បាលវាអោយបែកក្បាលទៅបើឡប់ៗចឹង,1
ការសម្រាយពិតជាមានអត្ថន័យណាស់,0
នៅមុខកាល់ម៉ែត្រសោះ,0
ខ្ញុំធ្លាប់ ជួប ឡាននិងបើកធ្វើ ស៊ីម្ដងដែល,0
បេីកឡានដូចកន្ដួយម៉ែវាចឹងអាឡាន Gs,1
អគ្គស្នងការដ្ឋាននគរបាលជាតិ- General Commissariat of National Police មើលៗផងពូ បើមិនចាត់ការទេ ខ្ញុំអស់ពាក្យនឹងថ្លែងហើយ រកមុខមិនឃើញបានចម្លែក,0
អាថោក,1
អាលប់មើលគ្រូអត់ជា,1
ឡានដូចគ្នា មិនហាន ថត រក អាចម៏ អី ចងបានគេថាយើងល្អមែន,1
អាពូកចឹងសមតែឲប៉ូលីសពិន័យម្តង,0
បេីឡានដូចអាច់,1
សម្រាយអីចឹងល្អមើលនិងពីរោះស្តាប់ផងក្មួយ,0
បើកឡានឆ្កួតចឹងបើកធ្វើអីមា៉អាចុយម្រាយ,1
ខ្ញុំថាមិនចង់ទេតែអាអ្នកបើកនិងសុំតែជេវាថាកាដួយម៉ែអាថោកតើតែខ្ញុំវាមិនហ៊ានខ្លាចអត់លុយបង់ហើយផ្តាំទៅអ្នកខមិនមួយចំនួនមុននិងជេអ្នកសម្រាយនិងត្រូវមើលវិដេអូអោយចប់សិនហើយពិចារណាសិនថាគាត់ថាខុសឬត្រូវសូមអគុណ,1
ប៉ះបងម្ចាស់ឡាននឹងទេប៉ះញុមអោយស្ពៃហេីយ,0
អាឡាននិងមានរឿងមួយគេច្រើនណាសបង,0
យើងខ្មែរដូចគ្នាទេបង,0
បើឡានបិនផ្លើអាផ្លើ,1
ខូចម្ល៉េះអានរះវើយ,0
អ្នកបើកខ្លះស៊ីផ្លេគេដែរគេវ៉ាបន្តិចបន្តួច,0
ផ្លូវពេទ្យកាល់ម៉ែតសោះ,0
ក្នុងខួរក្បាលសុទ្ធតែអាចម៍ទេមុននឹងខំមិនអត់ចេះគិត,1
ចាប់បានញាត់គុកទៅ,0
បាញ់ចោលទៅនិយាយច្រើនធ្វើអី?,1
ឆ្កែបើកទ្វានតើ,1
មានឡានល្អបើកតែចរិកអន់,1
និយាយបានល្អណាស់,0
អ្នកបើកនឹងប្រហែអត់ដែលចូលសាលាតេ,0
ឆ្កែបើកទេបង អានឹងគេថាឡានថ្លៃតែអ្នកបើកនឹងឆ្កែ,1
Gs ឆ្កែអ្នកបើក,1
ធ្លាប់ជួបហើយតែខ្ជិលមានរឿង,0
សន្តានឆ្កែ,1
បើកម៉ែអាចុយម៉ាយអីចឹង,1
ឡាននោះវាចង់បង្ករឿងទេ,0
ចាញ់ឈ្នះទៅដល់ផ្ទះវិញនៅតែជាមនុស្សធម្មតាមិនមែនឈ្នះបានជីវិតអមតៈផងប្រឹងម្លេស,0
ចាប់ទៅ,0
ហាវវាអាថោក,1
សាក់វាធំចឹងហើយចង់បង្កររឿង,0
សំណាងហើយតាសុីណាជាប់គុកបាត់,0
បងចុះឥឡូវម៉េចហើយ?,0
បងប៉ូលិសអត់ធ្វើការមែនបងបានវាបើឈ្លើយយ៉ាងនេៈ,0
ទំនេរ​ណាស់អាទំនេរ,0
មកពីអ្នកខំមិនហ្នឹងអត់ចេះយកឃោរមកគិតទើបខំមិនផ្ដេសផ្ដាស,0
សរសើរគ្រូបង្រៀនបើកបរ,0
ចុះទះកំភ្លៀងវាទៅ,1
បើកចឹងៗអីគង់មានង៉ៃជិះឡាននាគទេ គ្រាន់តែមិនទាន់ដល់ពេល  គង់តែប៉ះរបស់ពិតទេ,0
អ្នកខមិនអត់ខួរ,1
ចង់អោយខមិនម៉េចវិញ លោកអ្នកសម្រាយ?,0
មានហ្គេមកំសាន្តជាច្រើនប្រភេទ,0
បងម្ចាស់ឡានចិត្តធ្ងន់! បើខ្ញុំជាបងវិញ រកកន្លែងចូលចត៥នាទី សិនហើយ។ មនុស្សធុនបង្ករឿងបែបនេះ វាមិនងាយនឹងឈប់សកម្មភាពរករឿងទេ។,0
ស្តាប់សម្តីដូចឈឺ សង្ស័យគេជេរច្រើនហើយ,0
ឈឺអត់,0
អាឡានGS300 វាបើកបរ ខូច ហើយវាចង់ បង្ករឿង យីអានេះ,0
Ella Rykaa សើចគាំង,0
ប៉ះនាក់ស្លូតទេអាពៅ,0
មែនណឹង,0
អានេះឆ្គួតប៉ះអ្នកស្លូតបើប៉ះអ្នកកាចវិញឲ្យសេរ៉ូ,1
អូនទើបរៀនបើកទេ,0
ស្អប់មែនពួកអាបើកនៅផ្លូវគន្លងឆ្វេងហើយរុលចូលផ្លូវគេហើយចង់រករឿងគេទៀត,0
ហត់ណាស់,0
ខ្ញុំក្រណាស់គ្មានលទ្ធភាពជេរទេ,0
គឲខ្លាចណាស់បងឡើយ,0
ស្នងការដ្ឋាននគរបាលរាជធានីភ្នំពេញ ជួយពិនិត្យមើលផង,0
ញុមចង់ជេរវាថាah plerតែញុមអត់ចេះខមិន,1
ក្នុងឡានគួតែមានកាំភ្លើងមួយដើម,0
គេអាងជុំក្រឡង់,0
ឡានមើលទៅថ្លៃ តែអ្នកបើកវិញ ថោកជាង ach,1
សង្ស័យ​ណាស់,0
សមតែកំភ្លៀង,0
មានលុយទិញឡាន តែអត់មានលុយរៀនសូត្យ,0
អនុគ្រោះបានអនុគ្រោះទៅខ្មែរដូចគ្នាទេ,0
តួអង្គឯក,0
ញុមចុះវ៉ៃហើយ,0
បើជាញុមចុះទៅជាន់ករហើយ,0
ឆ្កែបើកឡានចឹងហើយអាសែ៊ល,1
Shan Shan ចូលចិត្តមើលគេសម្រាយរឿង,0
ដល់ចឹងបានច្បាប់បង,0
ពួកអាបណ្ឌិតខំមិន kdmv,1
ប៉ះខ្ញុំវិញដាក់ប៉ូងបាត់ហើយ ចិត្តអត់ធ្ងន់ដូចតួរឯកទេ,0
សំណាងហេីយមិនមេនញុម,0
អ្នកដឹងបានដឹង អ្នកមិនដឹងជេ,0
កុំប្រកាន់ឡានខ្មៅអីគ្នាទើបតែចេះបើកដំបូងដំបូងយើងខ្មែរដូចគ្នាជេរវាទៅបង,0
កំពុងអង្គុយឆ្ងល់បើសិនគាត់បើកហើយចប់ចឹងមុខឡានធំវិញឬមុខរថភ្លើង តើល្អមើលមិចទៅណ៎៎,0
ស្នងការដ្ឋាននគរបាលរាជធានីភ្នំពេញ,0
គ្រាន់តែមើលដឹងណាខុសណាត្រូវហើយមិនចាំវិធីទេ.,0
មិនមែនមុខក្ដាន់2ទេ នៅមុខពេទ្យកាល់ម៉ែត្រ,0
សូមពូរជុំក្រឡង់ជួយសារ៉េៗអាមនុស្សចឹងៗផង,0
អត់ពាក់មីទេមើលទៅ,0
ប៉ះខ្ញុំវិញខ្ចប់ហើយ,0
នេះវាអ្នកបេីក,0
រឿងនេះ ចូលរួមសម្តែងដោយ មិត្តភក្តិម្ចាស់ឡាន នឹងម្ចាស់ឡាន,0
ហៅវាថាអានរក,1
ណែ៎ មីចាន់ធូកូនអាយ៉ុន ម៉ោងរៀនក៏គេរៀន ម៉ោងកំសាន្តក៏គេកំសាន្តដែរមិនមែនសារីគ្នាង៉ែងបង្រៀនគ្នាអោយស្អប់ម៉ែឪទេ ចាំទឹកលិចភពលោកសិនទៅចាំប្រដៅអញ់ ពួកមីខ្មោចភ្នំគូលែន ឪអាព្រហ្ម អីក៏រឹងកណ្ ដ ួយម្លេះ,1
ឃើញចឹងហើយខ្ជិលប្រកាន់វិញ,0
បេីបង្រៀនក្មេងឡប់ទៅហេីយចាំបាច់ផុសបង្អួតគេធ្វេីអី​ ខ្លាចគេមិនដឹងថាឡប់មែនអ្នកឃូ?,1
កូនព្រហ្មយាយម៉េចចូលគ្នា,0
សាលារៀនចឹង ដែលពួកវិប្បយុត្ត ប្រាថ្នា,0
អាណិតក្មេងៗណាស់,0
ឃើញអញ្ចឹងស្រណោះក្មេងៗណាស់,0
បង្រៀនតាមវប្បធម៌លោកខាងលិច គឺ ឡប់បែបហ្នឹងបង,1
គឺថាសម័យសត្វទុគ្គតិភព មកយកកំណើតជាមនុស្សនេះ រស់នៅសប្បាយនឹងតណ្ហា អត់ចេះគិតរកខុសរកត្រូវ អត់ដឹងសមមិនសម ឆ្គងមិនឆ្គង... ហ៊ឹម…,0
អញចូលមេីលប្រូហ្វាល  អញលែងមានអារម្មណ៍ជេហេីយ,0
មើល acc ដឹងថា  ហើយខ្ជិលជេ,0
ថារក J ហើយ ដល់ចូលមើល Profile តាមពិត  សោះ,0
អោយតែពួកមីកណ្តឹងរួយអស់ឯងល្អទៅ,1
Some people so toxic about it.នៅតែក្នុងក្អមនឹងហើយមិចម៉ោងរៀនអង់គ្លេសចង់ឲ្យគេច្រៀងជាខ្មែរមែន ដើម្បីបង្កើតភាពសប្បាយកុំក្មេងៗរៀនទៅឆាប់ធុញ ហើយដើម្បីពង្រឹងសមត្ថភាពរបស់ពួកគេ. Please stop thinking in the wrong way or negative mind,0
ក្នុងសម័យបច្ចុប្បន្នគឺបែបនិង ការដើរផ្លូវខុសធ្វើអោយក្មេងៗវង្វេង ហើយចុងក្រោយគឺស្ពាននិងរវល់តែអ្នកសារពត៌មាន,0
ចឹងសេាះ,0
អញឃេីញថាក្មេងៗចេញមការពាររឿងនេះ​ ភាគច្រេីនជាមនុស្សស្រីនិងជាខ្ទេីយដែលគាំទ្រចម្រៀងហ្នឹងទេ​ ចុះអាឯងប្រុសៗហ្នឹងស្អីដែរ​ ហាសហា។,1
សាលាបណ្ដុះភាពឡប់,1
ការរៀន ក៏រៀន ការរៀនបែបកំសាន្ត ក៏មាន នែ! រៀនខ្លះ កំសាន្តខ្លះ មិនមែន កំសាន្តអត់បង្រៀនទេ គេធ្វើគ្រូគេដឹងណាស់ ថាសិស្សត្រូវការអ្វីបន្ទាប់ពីរៀនចប់ឫ ចុងម៉ោងសិក្សា ? គ្រូគាត់ធ្វើបែបដើម្បីអោយសិស្សមិនធុញនិងការរៀន អោយ មានចិត្ត កាន់តែចង់រៀន បន្ថែម ព្រោះការរៀនមិនស្… See more,0
អ្នកផុសនឹងអ្នកខំមិននឹងបើបង្រៀខ្លួនឯងបានដឹង ក្មេងសម័យឥឡូវពិបាកបង្រៀនណាស់ គ្រូធ្វើគ្រប់យ៉ាងឲ្យតែសិស្សចេះ ពេលខ្លះវាជាពេលដែលទាញសិស្សឲ្យចាប់អារម្មណ៍មុនពេលរៀនឬពេលជិតចេញទៅផ្ទះធ្វើបែបនេះដើម្បីទាញសិស្សឲ្យចូលចិត្តរៀន គ្មាននរណាមករៀនយកទេ សូម្បីសកលវិទ្យល័យក៏គ្រូមានតិចនិចដែរ,0
គេបង្រៀនបែបនេះមានច្រើនរបៀបណាស់ដែរអាចធ្វើឲ្យក្មេងៗចាប់បាននូវពាក្យដែលខ្លួនបានច្រៀងក្នុងបទចម្រៀង ម៉្យាងទៀតក៏ជួយបង្កើននូវបរិយាកាសដល់ក្មេងៗឲ្យមានភាពសប្បាយក្នុងការរៀនសូត្រមិនមានភាពស្មុកស្មាញដល់សិស្សនឹងមិនធ្វើឲ្យសិស្សមានភាពធុញទ្រាន់នៅពេលរៀន។,0
កាលនៅរៀនអញក៏បានទទួលនូវការកំសាន្តអារម្មណ៍បែបនឹងដែល ហើយអញមិនមែនត្រឹមតែបានកំសាន្តបែបនឹងទេ វាជួយឲ្យអញស្ដាប់បានភាសា English ( អង់គ្លេស ) នឹងយល់ដឹងអត្ថន័យនៅក្នុងចម្រៀងមកដល់សព្វថ្ងៃនេះផងដែល។,0
ពុងលាស់រវើកៗហើយតើ រឿងអីមិនបណ្តុះមិច,0
គាត់ update វីធីរៀនតាមបែប kinesthetic learning style ។ ព្រោះពេលខ្លះវិធីរៀនពីមុនមិនសូវបានផល សិស្សមិនបានបញ្ចេញសកម្មភាពរាងកាយ ធ្វើឲ្យធុញទ្រាន់ សិស្សពិបាកចងចាំ សិស្សមិនចូលចិត្តរៀន ។,0
នេះគ្រាន់តែខ្ញុំធ្លាប់រៀនអងគ្លេសកាលពី10ឆ្នាំមុនហើយពេលមិនមានម៉ោងរៀនគ្រូបង្រៀននៅទីនោះតែងតែនាំសិស្សច្រៀងរាំបទបរទេសមើលតុក្កតាលេងល្បែងសប្បាយៗជុំគ្នាហើយអីលូវនៅមានទៀតខ្ញុំក៏មិនដឹងដូចគ្នាហើយសាលាដែរខ្ញុំធ្លាប់រៀននឹងគ្រូៗសឹងតែជនជាតិបារាំងហើយគ្រូជនជាតិខ្មែរក៏មានហ… See more,0
ពេលទៅរៀន យូរៗគ្រូបង្កើតភាពសប្បាយម្តងទើបក្មេងមានទឹកចិត្តរៀន ហើយចម្រៀងភាសាបរទេស បើយកអោយក្មេងច្រៀងក៏ល្អដែរព្រោះប្រហែលជាគាត់ចង់សាកសមត្ថភាពភាសាអង់គ្លេសរបស់សិស្ស ល្អរឺមិនល្អ កុំផុសអោយតម្លៃគ្រូធ្លាក់ចុះគ្រាន់តែចម្រៀងមួយបទ,0
ម៉ោងរៀនគេរៀន ម៉ោងកំសាន្តគេកំសាន្តមានអីត្រូវខុស,0
ទាល់តែរៀនលើភ្នំ រហូតដល់កើតសតិអារម្មណ៍ដូចក្រុមមួយចំនួនចឹងបានសម សម័យនេះហើយគេរៀនម៉េចក៏បានឲ្យតែចេះយកចំណេះមកអភិវឌ្ឍមិនមែនមកអង្គុយទើសគេចឹងទេ,0
ដកស្រងយករឿងប៉ុន្នឹង មករិះគន់ មិនចុះទៅសួនាំក្មេងដែររៀន ចេះប៉ុណ្នា មើលទៅគ្មានខុសស្អីទេ បើថា ផឹកសុីស្រែកច្រៀងឡូឡា អាវាសែ សមនិង ឆ្ងល់ ឬមួយបបួលក្មេងៗ រត់ចូលព្រៃ ឡើងភ្នំ ផ្លុំខ្យល់ បានល្អ មែន,0
គ្រូអត់ /គ្រប់ទឹក,1
សាលាឯកជន(អង់គ្លេស)មួយចំនួន គេមានម៉ោងដែលរៀនច្រៀងដើម្បីឲ្យសិស្សចេះបញ្ចេញសំឡេងនិងវេយ្យាករណ៍បានត្រឹមត្រូវ។ អត់មានអីខុសទេ បើសាលាគេស្ដង់ដារត្រឹមត្រូវឥឡូវគេមានថ្នាក់តូរ្យតន្ត្រីផង កាលខ្ញុំរៀន8-10ឆ្នាំមុនក៏គ្រូឲ្យរៀនច្រៀងដែរកុំជោរពេក...។,0
សភាពឆ្គួតទ្បប់ លែងដឹងខុសត្រូវអស់ហើយ,1
សម័យខ្ញុំរៀនបឋមរៀនគួរអង់គ្លេសក៏គ្រូបបួលសិស្សច្រៀងចឹងដែលតែក្នុងមួយអាទិត្យម្ដងចុងម៉ោង ធ្វើបែបនិងមិនចម្លែកទេ,0
គ្រាន់តែច្រៀងបទអង់គ្លេសសោះមែនអីត្រូវខុស ដើម្បីកុំឱ្យសិស្សធុញ កាលញុមរៀនក៏ច្រៀងចឹងដែរ អត់យល់អ្នកជ្រុលនិយមមួយចំនួន,0
កូនព្រហ្មចេញមកភ្លើសុត(យាយលេង),1
ភ្លើចឹងសោះបានមិនចេះ English. ភ្លើហើយខ្លៅទៀត ចឹងបានក្ររហាម,0
ស្តេចទេីស,0
អានាក់ផុសបានបែក អញ់អោយតែ ចុងសប្ដាហ៍អញ់ចឹងដែរហើយ,1
គួរដៀលថាមិច?,0
មិនមើលគេនិយាយទេអី break time  សាលាស្តង់ដារដូចAii ក៏1អាទិត្យមាន2ថ្ងៃដែល ដែរអោយសិស្សច្រៀង&amp;មើលកុន,0
គ្រូហ្នឹងក៏ចឹងទៀត ក្រសួងអប់រំ យុវជន នឹង កីឡា គួរតែមានវិធានការលើគ្រូម្នាក់នេះផង,0
ត្រឹមត្រូវហា មីអាយះចំក្ដាលក្ដួយ,1
ចង់ក្អួតពេលចូលមើល profile អ្នកផុស,0
អាចចុងម៉ោងគ្រូច្រៀងមុនបែកពីសិស្ស (ម៉ោងកំសាន្ត),0
អុីអើយអុី,0
ប្រើ fb ធ្វើអីបើមេអ្នកឯងចេះហោះចេះហើរ ផលិត page នឹង app មួយទៅ,0
មិនបាច់អោយកូនរៀនទេអុី ស្តាប់តែព្រហ្មនិងទៅតិចទៀតកូនអុីបាននិទ្ទេសAហើយ,0
ចូលមើលប្រូហ្វាល់ហើយខ្ជិលបញ្ចេញមតិ,0
បងៗណាអត់ចូលចិត្តកណ្ដឹងរួយ report ចោលទៅជេទម្រាំខាតពេលធ្វើអី,1
មើលមុខអ្នកផុស កូនព្រំសោះ  កាលមកផ្ទះវិញអុីនៅអង្គុយដល់ណាទៀត មករកលុយសងធនាគារ។,0
ម៉ា មីចុយម្រាយវាមិចង៉ែង មីឡានកិនអៃយៈក្តួយនេះ ង៉ែងអីក៏សម្បូររឿងទេីសម្លេស? ជិវិតមីង៉ែងគ្មានរសជាតិទេឬ? ង៉ែងអីក៏ប្រកាន់ច្រេីនម្លេស មីតៃហោង,1
ណ្ហើយ ចាំមើលក្មេងៗដែរថារៀនល្អ ចេញមករស់ក្នុងសង្គមនេះកើតអត់? ឬនៅលើកោះ?,0
ទាល់ទៅរៀនអំពីទឹកលិចពិភពលោកនៅលើភ្នំគូលែនហើយគេបង្រៀនឲ្យស្អប់ម៉ែឪប្រពន្ធកូន បងប្អូនសាច់ញាតិនឹងមែនបានគេហៅថាល្អ,0
ប្រហែលមិនដែលចូលរៀនសាលាភាសាទេមេីលទៅ ខ្ញុំរៀនជំទាន់៩០ ក៏រៀនលាយចម្រៀង ធ្វេីឲ្យឆាប់ចេះនិយាយដែរ,0
អត់ដែលរៀនគួរអង់គ្លេសទេមើល៍ទៅ,0
មីចាន់ធូរ មីចោរកាដួយធូរ,1
មក​អាន​commentsនិង​ចូលមេីល​profile អ្នក​comments ទេ​អត់​មាន​បំណង​អី​ផ្សេង​ទេ,0
ពួកកណ្តឺងគោទើបងើបពីសម័យបុរេប្រវត្តិ,1
នយោបាយឈប់ខ្វល់ ទៅខ្វល់រឿងលិចលោក ដល់ពេលលោកមិនលិច យករឿងយល់ធម៌មកធ្វើលេស! ឥឡូវមកធ្វើខ្វល់ខ្វាយរឿងលោកិយ,0
ជួបមុខង៉ែងណា អញហក់ដាល់កាដួយង៉ែងហ្មង មីចាន់ធូរ,1
ម្ចាស់ FB នេះចេះរកទំនុកឲ្យគេជេឃើញឆ្ងល់ដែរ សង្ស័យមានព្រហ្មបង្រៀនតាំងពីក្នុងពោះ ហើយមើលទៅ,0
កូនខ្ញុំថ្នាក់ទី៤ រៀននៅអាមេរិក គេមាន ម៉ោង ច្រៀង រាំ លេង ភ្លេងដែលតាស់ ដូចមិនមានអ្វីចម្លែក,0
នឹងមែនសិស្សសម័យ2k24,0
ម៉ោង អង់គ្លេស គេរៀនច្រៀងខ្លះចឹងហើយ,0
មិចហេីយជីវិតនៅភ្នំគូលែន??,0
For អ្នកគ្រូ,0
មីចាន់ធូរ មីចោរអៃយៈ,1
មេីល​ PF ហេីយយល់,0
មិនដឹងជាស្អីកូនចៅអ្នកនៅលើភ្នំទេ,0
នៅលេីភ្នំនៅក្នុងព្រៃយូពេកចឹងហេីយមីង មីងឯងចុះពីលេីភ្នំខ្លះផងកំចេះរកនឹងទេីសគេពេក ប្រយត្ន័ធ្លាក់ពីលេីភ្នំស្លាប់លែងបានទេីសគេ,1
រ៉ាហ្វាល់កណ្តឹងរួយ ទើសគ្រប់សព្វ!,1
មីចុយម្រាយង៉ែងនៅលេីភ្នំយ៉ូពេក ទៅជាបែកអស់ហេីយ មីរស់នៅនាំអោយធ្ងន់ផែនដី មីទឹកកន្លះក្អម,1
អនិច្ចា,0
ទីងៗ,0
អត់ខុសផង,0
នៅលើភ្នំយូរពេកចឹងមែន,0
ទាល់តែរៀនលេីភ្នំគូលែនបានល្អមេនពូ,0
អាណិតនាក់ផុសវិញ តាវា ហែងទៅមើលគេបង្រៀនស្រុកគេផងថាគេបង្រៀនក្មេងរបៀបមិច កុំនៅតែភ្នំគូលេននិង តិចឆ្គួត,1
ម៉េចទៅជាបែបនេះ អ្នកអប់រំបែរជាឆ្កួត គួរបែងចែកម៉ោងរាំ និងម៉ោងរៀនអោយច្បាស់លាស់ ធ្វើដល់គ្រូហើយកុំបង្រៀនក្មេងខុស,1
ទៅរៀនភ្នំគូលែនវិញបានល្អjkd,1
បើយើងគិត វិជ្ជមាន យើងគិតថា ម៉ោង ក្មេងចេញទៅផ្ទះ,0
បទគេកំពុងល្បីផងឃើញអញ្ចឹងទៀតចប់ម៉ង,0
គេរៀនមានច្រៀងធ្វើអោយសិស្សគ្នាសប្បាយរៀនក៏ចូលដែរ ខ្ងុំក៏ធ្លាប់ដែលរៀនច្រៀងបទEnglish ហ្នឹងហ៎,0
ពិនខាងដើរទឹសគេ គ្រប់រឿង,0
មីកញ្ចាស់ពួកអាព្រហ្មសុីក្ដិតឡេីងបែកសតិមិនដឹងម៉ោងរៀនឬម៉ោងកំសាន្ដហេីយមីនរកកត់ឈ្មោះ,1
កាលខ្ញុំនៅរៀនក៏មានម៉ោងសិល្បៈដែរ​ ចងនិយាយចឹង,0
មីចាន់ធូចូលព្រៃវិញទៅចូលមកអត់ច្រលំគេសោះម៉ង,1
គ្រាន់តែឃេីញខេបសិន ក៏ដឹងថាអ្នកមិនធ្លាប់រៀន,0
ការរៀនសូត្រ គ្រូគេបង្រៀនមានម៉ោងរៀនអក្សរ ម៉ោងរៀនចំរៀងផ្សេងៗ សម័យនេះហើយបើកចិត្តអោយទូលាយខ្លះទៅចែធូ,0
ចង់បញ្ចេញមតិដែរតែចូលមើល pf ហើយខ្ចិលវិញ,0
ម៉ោងអង់គ្លេសឲ្យសូត្រធម៌មីក’ធូ,1
ចឹងបានគេឲ្យចូលរៀនហ្នឹងហ្អា,0
អ្នកផុសហ្នឹងហើយមិនគ្រប់ទឹក រស់ក្នុងសង្គមទាន់សម័យហ្នឹងគេដែរ ល្ងង់មិនដឹងពីរបៀបបង្រៀន ការរៀនបែបសប្បាយៗមិនធុញទ្រាន់,0
"គ្រាន់តែឃើញពាក្យ""លោកពូ""លើ Bio ភ្លាម anh អត់ចង់យាយអីទាំងអស់",0
ទើបដឹងថាព្រុំច្រើន,0
ភ្លេចថាលើភ្នំអត់មានសាលា,0
ម៉ោងអង់គ្លេស,0
ភ្លើម៉េសអុី?? ចេះប្រើបណ្ដាញសង្គមពិននឹងដែលខួរក្បាលដូចអត់រីកចម្រើនសោះ,1
បងអើយ គ្នារៀនហត់ហើយឲគាត់សប្បាយបន្តិចទៅ កាត់បន្ថយភាពតាមរឹង។កុំឲឆ្គួយដូចអ្នកខ្លះ,0
ឃើញតែមួយជ្រុង កុំឆាប់វាយតម្លៃគេពេក ហ៊ានទៅមើលដល់សាលាគេអត់! MMO LDP,0
អញថាកណ្ដឹងៗមែន,0
គេមានម៉ោងកំសាន្តខ្លះចឹងហេីយកុំខុសរបៀបពេក,0
ពួកមីវូៗ,1
មីគីបាញ់,1
អំណាច កុម្មុយនីស្ត ដល់កម្រិតទៅការរៀនសូត្រក៏មិនបាច់រៀនដែរព្រោះគេជាប់ស្ដាប់ធម៍ព្រុំ,0
ចូលក្អមវិញទៅ អុី,0
ពិបាកនិយាយជាមួយកូនព្រហ្ម ហា៎,0
ប្រហែលជាចុងម៉ោងហេីយ​ បានគាត់ច្រៀងលេងកម្សាន្ដនោះ,0
ថាមកជួយពន្យល់ តែមេីលប្រូហ្វាលហើយខ្ជិលដឹងតែនិយាយមិនចូលគ្នា,0
ណែ៎K’Thou ម៉ោងរៀនក៏មានម៉ោងកំម្សាន្ដដែរងែងចឹងបានសតិអារម្មណ៍រៀនពេកខួរក្រឡកគេអូសទៅឆ្វេងងែងឆ្វេងតាមគេដែរគេឲ្យស្អប់ម៉ែឪងែងស្អប់តាមគេដែរមីចោរច្រាស់ជើងមីតៃហោងអត់ចាប់ជាតិនេះ,1
រៀនអង់គ្លេសគេតែមានម៉ោងកំសាន្តខ្លះវាចឹងហើយ ការមើលរឿងជាភាសារអង់គ្លេសនិងច្រៀងជាភាសារអង់គ្លេស ក៏អាចថាជាការរៀនបានដែរព្រោះវាជួយបង្កើនការនិយាយនិងការស្តាប់របស់សិស្ស ខ្ញុំអាចនិយាយអង់គ្លេសបានខ្លះៗក៏ដោយសារចឹងដែរ,0
កាលខ្ញុំរៀន 2012 ថ្ងៃសុក្រ តែងតែមានម៉ោងចម្រៀងរហូតហ្នឹង សាលាអង់គ្លេសឯកជន សង្ស័យតែគាត់អត់ដែលរៀនដឹង,0
អាណិតបក្សព្រំណាស់ខំរត់ទឹកលិចផែនដីមានណាទឹកលិចខួរក្បាលសោះ ម៉ាទោសៗ,0
មីងហើយមីង រៀនអង់គ្លេសបើមិនច្រៀងអង់គ្លេសអោយច្រៀងបទទឹកលិចលោកមែន,0
សរសើរអ្នកទើសតែម្ដងនិយាយមែន,0
See  ខ្ចិលជេ,0
Ers e eng pler mg អុីអែងពេលរៀនអង់គ្លេស គ្រូអត់ដែលអោយច្រៀងឬលេងកម្សាន្តពេលចុងសប្ដាហ៍ហេ៎មែន។ អររ ភ្លេចអោយឈឹង អុីអែងកូនព្រហ្មលិចទឹក ចឹងតាស៎បានអត់ដឹងខ្យល់អីសោះ yy Tv pler yk padoy hah,1
រៀនអញ្ចឹងធ្វើអោយក្មេងចូលចិត្ដសាលានិងមិនធុញហើយមានកាចងចាំល្អ,0
រៀនខ្លះនាំកូនសិស្សសប្បាយខ្លះទើបក្មេងចង់រៀន,0
កណ្ដឹងរួយ ………..តីងៗ,1
គេជេរកុំថាគេឈ្លើយ,0
វិធីសាស្ត្របង្រៀនថ្មីមែនអ្នកគ្រូ សូមជួយបកស្រាយបន្តិចមកអត់យល់,0
មីខ្មោចភ្នុំ ត្រឹមត្រូវខុសរបៀប មីអាយៈក្តាលក្តួយ,1
Su Fre មិនមែន ចាន់ធូ កូន យុន ទេ ចាន់ធូកូនព្រហ្មតើ,0
ពួកនេះនៅព្រៃយូរចរិកកាត់តាមសត្វព្រៃអស់,0
កន្តឹងរួយ,1
អ្នករកស៊ី ក៏មានពេលឆ្លៀតទៅដើរលេង,0
រៀនខ្លះសប្បាយលំហែខ្លះគឺជាការល្អ,0
រៀនមានលេងខ្លះចឹងហើយ...,0
កូនព្រំចិត្តព្រាយចឹងត្រូវហើយ,0
ម៉ោងអង់គ្លេសមួយអាទិត្យគេយកមួយថ្ងៃរៀនចំរៀង​ វាជួយកុំអោយស្ត្រេសដែរការរៀនតែងតែមានកាកំសាន្តខ្លះ​ សប្បាយខ្លះរៀនខ្លះ​ ក៍មិនអាក្រក់ដែរ,0
កូនចៅព្រហ្មចឹងមែន,0
អុីហ៎ ក្នុងនាមខ្ញុំធ្វើការនៅវិស័យអប់រំដែល ចង់និយាយថាការបង្រៀនឥឡូវគេជឿនលឿនមានភាពច្នៃប្រឌិតក្នុងការបង្រៀនណាស់ ក្មេងសម័យ Social media អញ្ចឹងចង់ឲ្យចេះដល់តែគ្រូចេះបត់បែនតាមសង្គមដែលទើបក្មេងចង់រៀន ចង់ចេះ,0
មិនដឹងពេលណាពួកបងកណ្តឹងរួយ ឈប់សម្តែងធ្វើឆ្គួតទេ ! អាយុធ្វើឪម៉ែគេបានហើយ នៅតែឆ្គួតមិនជាសោះ ! រត់ទៅនៅលើភ្នំ ខ្លាចទឹកលិចពិភពលោក ធ្វើឡប់ធ្វើឆ្គួតដើម្បី view មែន? គ្រាន់តែសម្តែងទេមែនអត់? អាសូរទ្រូងឪពុកម្តាយផងបងអើយ នែតែសំខាន់ចោទឪម៉ែថាយកកូនដោយសារកាមតណ្ហាខ្លួនឯង… See more,1
ចូលមើលអាខោនហើយខ្ជិលប្រកាន់,0
ហត់នឹងកូនព្រហ្ម,0
ខ្ញុំមកអានខម្មិនមានអ្នកនិយាយឈ្នះក្រុមអត់?,0
ចុះវាទើសស្អីនាង,0
អុីកណ្ដឹងរួយ,1
រៀនEnglish អោយគ្នាច្រៀងយួនមែន ? ធ្វើដូចមិនដែលរៀនភាសា,1
មីព្រៃ មីខ្មៅព្រៃមិនដែលបានឃើញពីភបលោកខាងហើយ,1
ហើយថី??? ស្ងាត់ពេកមែន?? ទើសខុសទំនង ជួយជាតិបានអីខ្លះហើយ? មិនដែលចូលរៀនទេមែនបានមិនដឹងពីរបៀបរឺវិធីសាស្ត្រគេបង្រៀន??? ច្រណែនក្មេងជំនាន់ក្រោយមែនដែលរៀនមានភាពសប្បាយរីករាយជាងជំនាន់ខ្លួនឯង,0
កូនព្រហ្មចឹងសោះ,0
ចេញពីអណ្ដូងមកអ្នកអើយ នៀកមកមើលព្រះអាទិត្យ មើលពន្លឺថ្ងៃហ្នឹងគេ ..កុំនៅតែក្នុងអណ្ដូង អត់កំណើតទេ,0
គេខ្លាចកូនភ្លើដូចអ្នកផុសបានគេអោយកូនទៅរៀន,1
ស្អីទេពួកមីកណ្ដឹងរួយ អាកណ្ដឹងរួយនេះ ម៉េចគ្រាន់គេច្រៀងសប្បាយដើម្បីកំសាន្តក្នុងពេលសិក្សាហ្នឹងវាម៉េច ក៏គ្រាន់បើជាងពួកមីកណ្ដឹងរួយ អាកណ្ដឹងរួយហែង ទឹកលិចលោកដែរម៉េចហើយពួកអាទឹកលិចលោក រត់ទៅនៅភ្នំគូនលែនម៉េចហើយ,1
ណ៎ក អញ់ថាមីបែក ថ្នាំព្រហ្មបែកមែន,1
អុីនៅព្រៃយូរចឹងហើយទើបមិនដូវដឹងពីសង្គមខាងក្រៅ,0
ចុងម៉ោងគ្រាន់តែចាក់ចម្រៀងកំសាន្តខុសដែរមែនអ្នកទើស?,0
សម្តីកូនព្រំ,0
គ្រាន់ឃើញមិនបាច់ចូលមើលអាខោន ក៏ដឹងថាកូនព្រហ្ម,0
គ្រាន់តែអាន caption ដឹងថាកូនព្រហ្មបាត់,0
នៅក្នុងខួក្បាលមាន បូតុង update version អត់ ឬ ក៏រវល់ហាត់វិជ្ជា គាំងបូតុង ជាប់គាំងនៅក្នុងបុរេប្រវត្តិហើយ  បើថាពិបាកពេកទើសទាល់ពេក យកកាំបឹតចាក់កខ្លួនឯងអោយហើយទៅ,1
មកមើលនាក់អត់យល់ពីរបៀបនៃការអនុវត្តន៍ភាសារអង់គ្លេសបញ្ចេញមតិ,0
កូនចៅជួង ចេញមកអត់ច្រឡំគេ,0
ឆ្ងល់មនុស្សខ្លះអត់សូវឆ្លាតទេតែធ្វើឆ្លាតខ្លាំង បែងចែកអត់ដាច់រវាងម៉ោងរៀនពេញនិងម៉ោងរៀនគួ ម៉េចប្រុងឲ្យឈ្ងោកតែរៀន Stress ពេញខួរមែន មនុស្សត្រូវការសប្បាយខ្លះចឹងហើយ អញ្ចឹងក៏ចេះទើសដែរ,0
លោកឯងដែលចូលសាលាអត់,0
អុីឯងទាល់ទៅនៅភ្នំគូលែនហ៎បានអត់ឡប់ឆ្កួត,0
ទឹកលិចលូវហើយ រវល់មកចេះដឹងរឿងគេទៀត,0
ចន្ធូបែកហើយរកអីប៉ះផង,1
ពុងនៅភ្នំគូលេនមែន?,0
មិនដឹងជាស្អីកាធូរឯងទេនៅភ្នំដឹងនៅភ្នំទៅយ័ត្នទឹកលិចងាប់,1
មិចច្រណែនមែន LDPអត់ដែរសប្បាយចឹងមែន? បានមកច្រណែនក្មេង? តិចនៅក្រៅជាងក្មេងទៀតដឹង,0
គ្រាន់ជាសិល្បៈក្នុងការបង្រៀនក្មេងឲ្យរីករាយ ក្នុងការសិក្សា ឫមកពីអ្នកមិនដែលបង្រៀន?,0
អានតែ Captions មើលឃើញដល់ព្រហ្ម,0
មិនហ៊ានយាយមួយកូនព្រហ្មទេ,0
រកអត់អោយមានពេល Relax ខ្លះទេ អោយរៀនដល់ឆ្កួតមែន ?,0
ឃើញ acc ហើយខ្ជិលជេរវិញ,0
ហ្នឹងហាហ្នឹង,0
យកអីមកគិតនឹងមីង,0
ចេញរូងមក២០២៥លូវហើយ,0
បញ្ជូនកូនអោយទៅរៀនព្រោះចង់ជួយកូន តែបញ្ជូនកូនអោយទៅរៀនជាមួយសត្វទុគ្គតិដូចធាក់កូនទម្លាក់នរក ប្រេត,1
មានទេងែងទេដែលឆ្គួត,1
អុីអត់ដែលចូលរៀនហើយចឹងបានអត់ដឹង,0
ខ្លួនឡប់នឹងព្រុំ ប្រុងឲ្យគេឡប់ទៅតាមដែរ? ហើយអង្កាល់បានឈាន? ឈានឲ្យឆាប់ៗទៅ ធុញភ្នែកណាស់,0
ពេលណាទឹកលិចបង,0
អ្នកpostមិនមានការចូលសាលា ប្រហែលជាគេចសាលាច្រើនទើបមិនដែលចូលម៉ោង សិល្បៈ,0
ជាការអនុវត្តភាសា ណាមួយធ្វើចឹងសិស្សសប្បាយក្នុងការរៀនមិនធុញ,0
ខ្ជិលប្រកាន់គ្រាន់តែឃើញថាកូនយាយព្រហ្ម ទាល់តែបង្រៀនឲ្យស្អប់ឪពុកម្ដាយទើបល្អមែនកូនព្រហ្ម,0
Stek arom nas mi nak post ng,0
Chanthou mi ah yeas kdal kdouy,1
សរសេរអក្សរអោយត្រូវសិនទៅចាំដៀលគេ,0
យ៉ាប់ហាសពួកអា LDP,0
បម្រុងឲ្យក្មេងរៀនដល់ឆ្កួតមែន ម៉ោងរៀនក្មេងរៀនហើយក៏ត្រូវមានម៉ោងកម្សាន្តដែរ,1
មេីល profile ហេីយឈបើតវ៉ាទៅកូនព្រហ្មទេ តវ៉ានាំតែថោក,0
ល្អបងក្មេងរៀនផងសប្បាយផងទើបពួកគាត់ចូលចិត្តហើយចង់ទៅសាលារៀន,0
ទឹកលិចនៅឃេីញយូរដែលហេីយ,0
សត្វទុគ្គតិវាគ្មានដឹងខុសត្រូវស្អីទេ,1
រៀនបើកចិត្តអោយទូលាយតិចទៅលោក,0
នែអាឡប់ រៀនពេកឆ្កួតដូចហែងចឹង,1
Me when កណ្តឹងរួយ,1
រៀនពេកអាចឆ្កួតគួរតែរៀនផងកម្សាន្តអារម្មណ៌ផងទើបធ្វើអោយបរិយាកាសល្អក្មេងចូលចិត្តរៀន,0
Puk mii gg ដល់គេផ្លុំឲទៅភ្នំគូលែនបានគេហៅថាបណ្តុះចំណេះដឹងល្អ,1
មើលប្រូហ្វាល ទើបដឹងថាពួក រួយ,1
កាលទឹកលេច ពាក្យទ្រក្រុមគេមានតេមួយទេ គឺ លោកពូជាទីគោរព,0
នឹងហានឹង...... ទេីសទៀតហេីយនឹង,0
ប្រុងអត់អោយគេកំសាន្តខ្លះទេមែន ??,0
កូនចៅព្រហ្មចេញពីព្រៃមកមិនច្រឡំគេមែន,0
ណីងៗណឹងហែកមី Thou សិនណីងៗ,0
មីងចុះពីភ្នុំនៅមីង?,0
LDP ខ្ចិលយាយច្រើន មីចោអា….,1
រៀនខ្លះសប្បាយខ្លះចឹងទៅ,0
អ្នកផុសបានឆ្កួត បាត់បង់សតិ,1
មីញលូវចុះពីលេីភ្នំនៅ,0
ឈប់នៅភ្នំហើយមេនអ៉ី Update ខួរខ្លះទៅអ៉ី 2025 លូវហើយ,1
កាលជំនាន់ខ្ញុំរៀនក៏គ្រូចាក់ចម្រៀងឱ្យច្រៀងដែរ ហើយខ្ញុំចេះអង់គ្លេសក៏ដោយសារចម្រៀងដែរ។ មួយអាទិត្យ ឱ្យតែថ្ងៃមានចាក់ចម្រៀងគឺសប្បាយចង់រៀនណាស់,0
មីនេះកូនតាព្រហ្មសោះ,1
កូនមីកន្ដួយរត់ចូលក្ដិតឪព្រហ្មវិញទៅដឹងព្រហ្មក្ដួយអាយៈស្អីភាសាេនិយាយគ្មាអាក្រក់ជាងសត្វគ្មានសតិផង,1
បង្រៀនខ្លះឲ្យក្មេងបានច្រៀងលេងបន្ធូរអារម្មណ៍ខ្លះវាមិនខុសពីទេ បើចិត្តខ្លះទៅលោកអើយគាត់បើកបង្រៀនភាសាអង់គ្លេស់ទៀតច្រៀងលេងបទងាយៗក៏ឲ្យគាត់ងាយក្នុងការនិយាយ ឆាប់ចាំ មិនល្អ?,0
ស្អីទេកូនចៅអ្នកនៅលេីភ្នំ,0
បងៗជេរពួកនឹងវាម៉េចចេះស្ដាប់បើវាមែនមនុស្សផងនឹង  អត់ឱ្យច្រឡំគេទេ,0
នៅតែលើភ្នំចឹងឯង,0
គេរៀនអង់គ្លេសម៉ោងគេកំសាន្ត មិចgg ប្រុងអោយគេស្មូត??,1
ងាប់ម្ចាស់ផេក,1
បើដឹងថាវា មនុស្សឆ្កួតដែរ ខំ ម៉េស?,1
ចាស់ហើយនៅភ្លើទៀត,1
ច្រៀងជាភាអង់គ្លេសជួយអោយក្មេងអាចនិយាយតុងអង់គ្លេសបានល្អ បើខ្លួនឯងមានចំណេះដឹងកម្រឹតទាបកុំមកវាយតម្លៃគេថាអាក្រក់ភ្លាមៗពេក,0
កូនចៅតាព្រហ្ម ល្មមចេញពីព្រៃហើយ អត់ដឹងបទគេល្បីម៉ាបៀក,0
អត់មានអីចម្លែកទេ រៀនខ្លះសប្បាយខ្លះ កាលនៅរៀនចឹងដែរតើមួយខែមាន ១ថ្ងៃឬ២ថ្ងៃសម្រាប់ រៀនច្រៀង ជាភាសាអង់គ្លេសហើយបង APTក៏អង់គ្លេសគិតថាអត់ខុសទេ,0
ចង់ឲគាត់ចាក់បទ បុប្ផាកណ្តៀវស្រួយ ឲក្មេងស្តាប់មែន?,1
កាលនៅរៀនក៏ចឹងដែរ ហើយមិចលូវគេ កើតគ្រូ កើតពេទ្យ អស់ហើយ ចោះអ្នកផុស???,0
គេរៀនគួរអង់គ្លេស ហើយគេច្រៀងជាអង់គ្លេសខុសមែន??,0
គេបង្រៀនមេរៀនក៏បង្រៀន ម៉ោងគេកំសាន្តក៏មានដើម្បីឲ្យក្មេងមានចំណង់ក្នុងការរៀនទៀត ហើយក៏ទើសម៉េសលោកអើយ គេបង្រៀនក្មេងឲ្យជក់ថ្នាំ បង្រៀនឲ្យក្មេងស្អប់ម៉ែឪ ក៏ បង្រៀនពីការលិចពិភពលោកមែន ក៏ទ្រង់ post បែកៗចឹង?,0
ដល់ពេលចូលមើល Acc ហើយខ្ញុំក៏អូសរំលងព្រោះដឹងថា ជេរវាដល់ងាប់ទៀតក៏វាមិនឈឺដែរព្រោះ ....,0
មិចបានភ្លើចឹងចាន់ធូពុលទឹកជំនន់ក្បែភ្នំគូលែនមែន,1
ឆ្ងល់ណាស់អោយតែកូនតាព្រំ មួយៗចេញមោដូចឡប់គ្រឿងគ្រប់តែគ្នាចឹង?,1
សាលាបង្រៀនភាសាអ្វីហើយនៅឯណាបងប្អូន?,0
កុំ​ឆ្កួត​ពេក​ ម៉ោង​ចំរៀង​,1
ក្នុងខួរក្បាលកើតជំងឺតួឯកមែន ? បានជាទើសបានគ្រប់រឿងនឹង ទទួលស្គាល់ថាមតិខ្លះមានការកែលម្អ តែមិនមែនចេះតែទើសដោយមិនគិតមុខក្រោយទេ,1
អត់យល់ពីសម្ព័ន្ធ,0
ថារកប្រកាន់អ្នកចន្ធូដែរតែពេលចូលមើលprofile គាត់ហើយខ្ជិលប្រកាន់វិញ មិនដឹងប្រកាន់មិចបើគ្នានៅតែលើភ្នំគូលែន,0
មកអានខំមិនដើម្បីបំបាត់ទុក្ខសោក,0
ម្តេចហេីយ នៅភ្នំគូលែនហ្នឹងសុខសប្បាយអត់ ?,0
មីចន្ធូ មីសម្រែ,1
ដើរអត់ទាន់សម័យមែនអុី,0
មិញថារកប្រកាន់តែមើលCoverទៅឈប់ប្រកាន់ហើយ,0
ថ្មីរហូតក្រុមជួង,0
បើគង់ជិតលិចទឹកអាដែលហែងខ្វល់ម្លេះ?,0
នាក់ផុសបានឆ្កួត,1
ចាលោកពូ,0
ឣុីចុះពីភ្នំគូលែនវិញនៅ?,0
រៀនមួយសប្តាហ៍ ច័ន្ទដល់សុក្រ មានពេលមួយថ្ងៃសម្រាប់អោយសិស្សកំសាន្ត កុំអោយគាត់ស្រ្តេះ ពូអត់ដែលរៀនទេមែន?   កំសាន្តតែមួយភ្លែតទេយ៉ាងខ្លាំងមួយម៉ោងអីនឹង,0
កុង ស្រីស្រស់ ប្រុងអោយរៀនដល់ឆ្កួតដូចរៀនមួយព្រហ្មនិងមែន,1
ក្រែងលោកព្រះឯង ក្រុមគ្រួសារអ្នក ចេះចេញពីសាលាដែរតើអី?,0
ពេលរៀនច្រៀងចឹងអាចអោយក្មេងយល់​ការ​បញ្ចេញ​សំឡេង​កាន់តែល្អ​ កាល​ខ្ញុំ​រៀន​គ្រូ​ខ្ញុំ​បង្រៀន​បទ​ Take me to your heart,0
ដល់ទៅភ្នំគូលែនជាមួយពូបានល្អ,0
អាណិតម៉ែឪក្មេងឲ្យយកលុយម្រៀនគួរតែមកគ្រូវិញបង្រៀនបទចម្រៀង,0
និយាយមកដូចមនុស្សចេញពីព្រៃ គេមានរៀន មានកំសាន្តខ្លះចឹងហើយទើបមិន stress,0
បែកមែន,1
អុីឯងសតិអារម្មណ៍មែន?,1
ធ្លាប់នាំកូនសិស្សច្រៀងកំសាន្តដែល,0
Nid Comply ម៉ែឪអាហែងសហការជាមួយពួកទេវតាពីលិចពិភពលោក,1
គ្រាន់​តែ​ជាការ​រំសាយ​អារម្មណ៍​ កាល​ជំនាន់​ខ្ញុំ​នៅ​រៀន​ក៏​មាន​ភាព​សប្បាយ​បែប​និង​ដែរ​ មិន​មាន​អីខុស​ត្រូវ​ណាផង,0
មីចាន់ធូកើតសតិមែន ?,1
Yun ChanThou មើលទៅមានតែមីងអែងទេគ្មានចំណេះដឹង ប្រហែលឡប់នឹងវ៉ូៗដឹង,0
អនុមោទនា ចាន់ធូ,0
E nis kuy sh tah rg chkea jg ban khur chkea,1
Nk Recommended lob stek  somtus somtus,1
Mi E chkut stek,1
លោកគ្រូអ្នកគ្រូសាលាហ្នឹងគាត់ចង់រកភាពល្បីមិនដឹងរកធ្វើបែបណាដើម្បីល្បី មានតែធ្វើបែបហ្នឹង ចម្រៀងខ្មែរប្រពៃណីអីខ្វះអី ទៅចម្លងតែវប្បធម៌ពីគេមក,0
សាលារៀនក្នុងក្ដីស្រមៃមិត្តខ្ញុំ,0
ច្រៀងចុងម៉ោងមុនទៅផ្ទះក៏ខុស​ចាំលេីកក្រោយ​ច្រៀង​បទគោរព​ទង់ជាតិវិញក៏បានដែល,0
...អាហ្នឹងបទដូនតាហែងមែន,1
Who’s hurt u  e ចន្ធូរ?,0
កូនចៅអាស្នាពិបាកនិយាយគ្នាណាស់...,0
ហើយប្រុងអោយរៀនគ្មានពេលសម្រាកកំសាន្តជុំគ្នាទេអី,0
គ្រូបង្រៀន ជាហ្វេនផ្គាប់មុខរបស់ Rose កូនសិស្សង្រូវតែទ្រាំ,0
Yat Thida deal mnuz jas  bab ot,0
HoursengLychheng Try មានអាន cmm,0
គ្រាន់ជាងព្រំ,0
វ៉ូវ៉ូវ៉ូៗៗៗ បាត់ក្បាលទៅណាហើយអាមួយថាទឹកលិចលោកហ្នឹង,1
អត់និយាយច្រើនទេចូលមើលអាខោនមុន អញថាមែនៗ,0
ធូរ kdet យ៉ាប់ណាស់ កន្តឹងពាក់កឆ្កែ,1
រៀនបើកបេះដូងឱ្យទូលាយ កុំបុិនអុចអាល តែស្កពេក ជាតិមិនរីកចម្រើនឡើយបើគំណិតស្មុកយ៉ាងហ្នឹង,1
កូនព្រហ្មចឹងសោះបាន ភ្លើចឹង,1
ពេលទៅរៀន យូរៗគ្រូបង្កើតភាពសប្បាយម្តងទើបក្មេងមានទឹកចិត្តរៀន ហើយចម្រៀងភាសាបរទេស បើយកអោយក្មេងច្រៀងក៏ល្អដែរព្រោះប្រហែលជាគាត់ចង់សាកសមត្ថភាពភាសាអង់គ្លេសរបស់សិស្ស ល្អរឺមិនល្អ កុំផុសអោយតម្លៃគ្រូធ្លាក់ចុះគ្រាន់តែចម្រៀងមួយបទ។,0
មានអីចម្លើយផងគេរៀនផងយកពេលកុំឱ្យកូនសិស្សធុញទ្រាំនៅក្នុងការសិក្សា។បំបែកចំណាប់អារម្មណ៍តិចតួចក្នុងនោះក៏មានភាសាអង់គ្លេសដែរតើ។,0
កាលងាប់បាត់យាយ,1
បើខ្លួនល្ងង់ មិនដែលចូលរៀនអង់គ្លេសក៏ថាទៅ! កាលឯងរៀនអង់គ្លេសពីក្មេង នៅរាល់ថ្ងៃសៅរ៍ គ្រូក៏បង្រៀនបទចម្រៀងដែរ,1
Stek mes,1
Hous jit,0
Mii JKJ Mii jo Kon prum nis very,1
Mi kjas lop,1
Toxic mes ng,0
Chan thou srey laor,0
Yi Kron jg Khos dea jkj ery,1
Chettra Sotheara ANH HOUT JIT,0
Shut up maminigger,1
Roeun Brown gg Tha ey jes Khos,0
មែនហេីយ,0
ពួកអាដែងវាហានតែជាមួយខ្មែរទេ,0
មិនមែនព្រាយទេបង គឺអាប,1
អត់ហ៊ានទេយូនហ្នឹងកូនចៅមេវាហាមប៉ះតាហ៊ានប៉ះរលាកឡូវហ្នឹង,1
ខ្លាចធ្លាក់សក័,0
យួនគ្នាវានឹងដែរហៀនចាប់,0
មែនតើបង,0
អគុណសន្ថិភាព,0
វាមិចហ៊ានប៉ះ ពួកយួន,0
ព្រោះម៉ូតូយួនមានអាគមបាំងបិទទើបមើលមិនឃើញពូ,0
និយាយត្រូវណាស់,0
អស់លោកហ្នឹងហ៍ានក្អកហី,0
ចុះបើឪផ្កាំហើយថាបើឃើញកូនៗអាញ់កុំចាប់,0
យួនចូលមកដូចទឹកហូរ ជ័យយោសន្តិភាព,0
អាបែក,1
ជ័យយោៗ,0
ដោយសារតែអាយ៉ងកញ្ជះយួនត្រកូល,1
កញ្ជះយួន,1
យួនចូលខ្មែរសេរី។ឯខ្មែរចូលយួនអត់សេរីទេ!,0
និយាយចេញមកនឹងសមរង្សុីសុទ្ធ គ្មានបានទៅ ហើយប្រាប់គេថាពិបាក អាភ្លើ,1
ខ្មែរចូលក្នុងទឹកដីយួនក្នុងនាមទេសចរណ៍,0
ចូលដោយសេរីដូចយួនចូលមកខ្មែរអត់?,0
អញ្ចឹងហើយទើបប្រទេសគេរីកចំរើន,0
និយាយត្រូវ,0
ខ្ញុំទៅឥណ្ឌា គេអោយបំពេញបែបបត់ជាមួយប៉ាស្ព៍ហើយទើបអោយទៅ,0
ស្រុកខ្មែរយើងឥឡូវសម្បូរណាស់ពូជអាចោរចង្រៃហ្នឹង។,1
ឈប់គិតថាចម្លែកទៀតហើយគ្រាន់តែខឹងណាស់ក្នុងនាមខ្ញុំជាខ្មែរមួយរូប,0
មិនបាច់ឆ្ងល់ទេ តាំងពី1979មក វាចូលតាមចិត្តរាប់លាននាក់ហើយ,0
ជិះតាមចិត្តប៉ូលីសមើលមិនឃើញទេ,0
ប៉ូលិសមើលមិនស្គាល់ថាស្លាកលេខប្រទេសណាទេ,0
ផ្លាកលេខមកពីខាងណាវិញប៉ួលីសអត់បើកភ្នែកមើល.មើលបានតែខ្មែរអត់មួកអត់កញ្ចក់.អត់ពាក់ខ្សែក្រ.ហួសល្បឿនកំណត់.ផ្លូវជាតិលេខ៦..ម្ដង.៩០.ម្ដង៨០.ស្គន់ប្រយត្ត័,0
ប្រហែលជាប៉ូលីសស្រុកខ្មែរភ្លេចមើល បានជាចឹង ពូកែបានគ្នាខ្មែរឯងទេ,0
ពេញទឹកដីខ្មែរហ្នឹង! មានអីចំឡែក,0
មាតុភូមិ ខ្ញុំ ភូមិញុមជិះព្រំដែននៅឡើងពេញភូមិ,0
រឿងអីប៉ូលីសចរាចរណ៍មិនខ្លាចឃើញផ្លាកលេខមេប៉ុណ្ណាន័យ,0
ហ្វូងសន្ដានថោកបានតែរាស្ត្រខ្លួនតែយួនជាន់ក្បាលធ្វើខ្វាក់,1
រឿងស្លាកលេខចេញសេរីចាស់ពីមុនមានស្លាកលេខ.អាស៊ាន.អាចជិះឆ្លងប្រទេស.១០.បានបងខ្ញុំមាន១ដែរជិះទៅវាតណាមអត់អីដែគ្នាន់តែនគបាលគេងើបមើលស្លាកលេខហើយគេអង្គុយវិញពិព្រោះយើងជាសម៉ាជឹកអាស៊ាន១០ប្រទេសតែស្លាកលេខវៀតណាមនេះប្រហែលសមត្តកិច្ចគាត់យល់ហើយរឿងនេះខ្លះក៍អត់ដឹងដែរនិងបង.តាម… See more,0
ច្បាប់ចរាចរណ៍ផ្លូវគោក គ្រប់យាន្តយន្តទាំងអស់ មិនថាម៉ូតូឬឡាន អោយតែចរាចរណ៍តាមដងផ្លូវ អត់មានស្លាកលេខ ឬស្លាកលេខមិនប្រក្រតី គឺត្រូវតែដកហូតទុកជាបណ្តោអាសន្ត។ នៅស្រុកគេ មុននឹងគេធ្វើចរាចរណ៍តាមផ្លូវបាន ទាល់តែមានឯកសារគ្រប់គ្រាន់ ទើបអនុញ្ញាតិ្តអោយបើកបរបាន។,0
ហ្នឹងហើយសមត្ថកិច្ចគាត់មើលអត់ឃើញទេ,0
ចយថាខ្លាចកាំជា វាខ្លាំងបានតែកាំជាដូចគ្នាមួយយួនអេាយ0,0
ចាប់តែមួកតើ.ផ្លាកលេខអូខេ,0
ប៉ូលីសស្រុកខ្មែរចាប់បានតែរាស្ត្រខ្មែរទេមើលទៅ,0
ជាកំហុសអ្នកណា,0
បើហ៊ានអស់សាក់ឡូវ,0
ធម្មតានៅស្រុកខ្ញុំ,0
នៅស្រុកយើងស្រួលចេញចូលណាស់មិនបាច់បារម្ភទេ។,0
សួរថាខ្មែរយើងហ៊ានជិះអត់,0
ប៉ូលីសភ្លេចមើលចាញ់កុងអាងស្រុករំដួលទេ,0
ចូលបណ្តើរៗហើយបងប្អូន។,0
ពេលខ្លះឆ្ងល់ដែរ ពួកបងៗប៉ូលីសឃើញអត់ សួរដូចឆ្ងល់!,0
យួនវាចូលមកលុកលុយនៅស្រុកខ្មែរតាំងតែពីឆ្នាំ៧៩រួចបែកអាពតមកម្លេះមួយៗគិតតែពីឆ្ងល់ហេីយនៅមិនដឹងទៀត,0
ស្រុកញុមឡូយចឹង,0
ផ្លាក់លេខនឹងពូលិសមិនហ៊ានផាក់ទេ,0
គេចូលយូរទៅហើយបើកសាលារៀនទៀតផង។,0
យកម៉ូតូពីស្រុកវាមកជិះបានរំភើយ,0
សេរី​,0
មនុស្សមិនហ៊ានឃាត់ផងឆ្ងល់អីម៉ូតូ​!,0
កត្តាពុករលួយ នឹង ចំណេះដឹង,0
ហាហា! ឥតមានអ្នកឃើញតាមច្រកព្រំដែន ។,0
បើយុវជនខ្មែរនៅតែបន្ត #សម្ងំពួនដេកមិនព្រមភ្ញាក់ មិនយូរទៀតទេ #ខ្មែរ នឹងរងបណ្ដាសាពី #បុព្វបុរស ច្បាស់ជាប្រែខ្លួនពីជាតិសាសន៍ធ្លាប់ជាម្ចាស់អង្គរនឹងប្ដូរជាជាតិមួយរស់អនាថាសុីឈ្នួលឲ្យពួកអន្ដោបវេសចូលមកដណ្ដើមយកធ្វើជាម្ចាស់អង្គរ ៚,0
ដល់ ក ហើយលូវ បើនៅ ឡាសែនហេងៗវិញ  មួយតុ មិនក្រោម10នាក់ទេ និយាយសុទ្ធយួន,0
មិនចម្លែកទេស្រុកយើង បន្ដិចទៀតមានច្រើនជាងនិងផងមើលទៅ,0
ប្រយ៉ាប់ពេក ភ្លេច,0
Xing Xing ឈ្គួតឬជាការសរសេរអក្សរ,0
មិនខ្វះទេតាមខេត្តក៍សំបូរដែរ,0
ពេញតែប្រទេសពួកអាចរ៉ាចណ៍វាមើលមិនឃើញវាមិនហ៊ានចាប់គេទេបានតែខ្មែរគ្នាឯងនិង,0
ត្រឹមម៉ូតូអត់បញ្ហា បើវាសង់ផ្ទះប៉ុនៗណាណីគ្មានតាឆ្អីផង,0
បើមានច្បាប់មិនអនុវត្ត កុំបង្កើត...។ បង្កើតច្បាស់ដើម្បីកែប្រែកំហុស ពិន័យ ដាក់ទោស...អ្នកប្រព្រឹត្តខុសមិនគោរពច្បាប់..ឪពុកម្តាយល្អ មិនត្រូវបណ្តោយឱ្យគេធ្វើតាមអំពើចិត្តទេបើខ្លួននៅមានឈាមជ័រជាពូជពង្សខ្មែរ ត្រូវស្រលាញ់ប្រទេសជាតិ..ការពាររាស្រ្តខ្លួនដើម្បីសុខដុមររមនា។,0
ខ្វះអីស្រុកខ្មែរគរដូចភ្នំ,0
អតទាន់ច្បាសទេ.គេថាកាត់តលូវហើយ,0
លោកម្ចាស់ផេកអើយលោកកំពុងតែបង្កើនសត្រូវបន្ថយមិត្តហើយលោកទៅថៃក៏ដោយទៅវៀតណាមក៏ដោយឱ្យតែស្របច្បាប់លោកអាចយកមធ្យោបាយធ្វើដំណើរទៅជាមួយបាន(បណ្ណ័សំគាល់យានយន្ត និងលិខិតឆ្លងដែនឈ្មោះតែមួយ)កុំបំពុលសង្គមខ្លាំងពេក អាណិតអ្នកមិនដឹងច្បាប់ ហើយចេះតែខមិនតាមអារម្មណ៍ផង...កុំប្រឹងខុសរឿងពេក,0
មានច្រើនណាស់,0
ខ្វៈអីយួនឃើញរាល់ថ្ងៃ,0
វៀតណាមមានគ្រប់ខេត្ត,0
ម៉ូតូទិញថ្មីមិនទាន់កិបផ្លាកលេខចាប់់សួរតែបើផ្លាកលេខយួនជិះគ្រប់ខេត្តមិនឃើញចាប់,0
អនិច្ចាកម្ពុជាខ្ញុំអើយចាប់ពីថ្ងៃតទៅរលាយបាត់ពីផែនទីពិភពលោកហើយឱកូនខ្មែរអើយរវល់តែស្រលាញ់តែកំប៉ុងស្រា។,0
បើខ្មោចស្រុកមិនបើកដៃខ្មោចព្រៃក៏វាមិនហ៊ានចូលដែរ,0
សង់ផ្ទះឱ្យគេនៅ,0
លេខម៉ូតូយួននិង,0
នៅក. ក ក៏មានដែរ មានទាំងសៀម មានទាំងយួន,0
វាតែប៉ុណ្ណឹង,0
ចតែទាស់ហើយ ពួកអាទើស គ្រប់កន្លែង,1
អាពូលីសស្រុកខ្មែរនឹងធ្វើការយ៉ាងម៉េចឃើញម៉ូតូយួនចូលពេញស្រុកត្រូវតែឆែកឆេមើលតើមានច្បាប់ត្រឹមត្រូវអត់ចូលមកស្រុកខ្មែរនឹងធ្វើដូចស្រុកវាចឹងពួកយើងចូលទៅវាទាល់តែមានpassport បាន ចូលបានស្រុកយើងធ្វើចឹងដែលទៅ,0
មានគ្រប់ប្រភេទ,0
ម៉េចដែរប៉ូលីសភ្នែកខ្វាក់ខ្វិនៗទេអីបានអត់ឃើញម៉ូតូយួនចូលទីក្រុងអញ្ចឹងតើ។បានប្រជាជនដៀលអត់ខុស។,1
ឯម៉ូតូរបស់ខ្ញុំមានស្លាកលេខ 83- p1,0
យកទៅណាអស់ច្រើនដល់ករ,0
ប៉ាខ្ញុំជិះរាល់ថ្ងៃ,0
មកយើងស្រួលណាស់,0
កុំ ហុសអាមួយណា,0
ទស្សនះដឹកនាំបែបសក់អ្នកណាក្បាលអ្នកហ្នឹង,1
ចុយម៉ាយអាយួនមកខ្មែរបានតាមណា,1
គាត់វង្វេងផ្លូវទេ,0
រឿងខ្លះគេមិននិយាយទេ,
ពូកអាឆ្កែសង្គុមបើកភ្នែកមើលផង,
រឿងផ្លាកលេខម៉ូតូវៀតណាមនៅស្រុកខ្មែរនិងផ្លាកលេខខ្មែរនៅប្រទេសវៀតណាមហ្នឹងគឺមានយូរណាស់មកហើយ ហើយខ្ញុំដឹងកាលពី20 ឆ្នាំមុន។ វាមានន័យថាប្រជាជនខ្មែរក៏អាចបើកឡាន និងម៉ូតូផ្លាកលេខខ្មែរទៅប្រទេសវៀតណាម ឯប្រជាជនវៀតណាមក៏អាចបើកឡានម៉ូតូផ្លាកលេខវៀតណាមមកស្រុកខ្មែរបានដែរ។ ប្… See more,
ជិះតាមអំពើចិត្តវាបើយើងជិះក្នុងប្រទេសវាវិញ,
អាណាធិបតេយ្យ​ មាន​សិទ្ធិ​គ្រប់​យ៉ាង​ ខ្លាំង​ជាង​ជន​ជាតិ​ខ្មែរ​ដែល​ជា​ម្ចាស់​ប្រទេស​ទៀត​។,
អត់ពាក់មួកទៀតធើអីកាហ្វៀងហង!,
ប៉ូលីសភ្លេចមើលម៉ាភ្លែតសោះ យួនជិះចូលទាល់តែបាន,
ប្រទេសខ្មែរចប់ហើយ,
ដូចស្រុកវាទៅហើយ,
នៅកោះកុងច្រើនណាស់លូវបង,
បេីខ្មែរចូលយួនវិញចឹងដឹងតែស្ពៃហេីយ...,
ម៉េចមិនចាប់ទៅ ចាំគេជិះបុកអ្នកធំបានចាប់មែន,
រឿងពិត  ២៥......និ..........បាន,
បងប្អូនយើងតើ,
ខាង អាន់អែមយេីង,
ស្លាកលេខហ្នឹងខេត្តណាក៏មានដែរឥឡូវ,
អត់មានប៉ូលីសផង,
សេរីណាស់យួនគ្រប់កន្លែង,
មិន​ដឹង​ប៉ូលិស​ធ្វើការ​ដើម្បី​អី,
នេះជាស្លាកលេខ ម៉ូតូ ធ្វើចរាចរណ៍តាមដងផ្លូវ គ្មានអ្នករំខាន .ខ្មែរធ្វើបាន ។,
នៅភ្នំពេញឥឡូវសំបូរស្លាកលេខយួនណាស់បើខ្មែរវិញរកឃើញលឿននូវស្លាកលេខក្លែងក្លាយ តើស្លាកលេខយួនចូលតាំងច្រកព្រំដែនដល់កណ្ដាលក្រុងគ្មានអស់លោកសម្ថកិច្ចណាមើលឃើញទេ ហើយក៏មិនដឹងថាអស់លោកយាមតាមព្រំដែនស្រវឹងដេកលក់អស់ហើយតាមមើលបានជាម៉ូតូយួនចូលដល់កណ្ដាលក្រុងបែបនេះ តើនជាកំហុស… See more,
ច្បាប់ស្រុកខ្មែរធូរលុងពេក ខ្លាំងបានតែជាមួយខ្មែរគ្នាឯង,
បងប្អូនយើងនឹង បើមិនបងប្អូនយើងស្មានហ៊ានជិះក្នុងស្រុកយើង........ចប់,
បើនៅ រតន គិរី យកធ្វើអីអស់,
មិន ប្តឹង ប៉ូលិសនៅជិតៗនិង បង!,
មេធំគេនៅហ្នឹងហើយអាណាហ៑ាន,
ឈឺចាប់ធ្វើអី? យួននៅពេញស្រុកហ្នឹង?,
លោកប៉ូលិសចំពូកែបានតែស្មែរគ្នាឯងទេជាយួនសុីរ៉ូ,
ឃើញហើយស្អប់ម៉ងអាយួន,
Phạt tiền càng nặng càng tốt cầu mông đừng có biển số xe cam Pu chia nào có mặt ở Việt Nam,
ហ៊ានចាប់យួនវ៉ៃបែកក្បាល,
កន្លែងណាក៏មានដែរ សូម្បីនៅតាមខេត្តក៏មិនខ្វះដែរ អាជ្ញាធរវាមិនខ្វល់នោះទេ ឃើញផ្លាកលេខបែបនេះទោះបីជិះម៉ូតូមិនពាក់មួកសុវត្ថិភាពក៏អត់បញ្ហាដែរ។,
ខ្ញុំក៏ធ្លាប់ជិះម៉ូតូស្រុកយួនមកស្រុកខ្មែរញយដងដែរ ហើយក៏ធ្លាប់ជិះម៉ូតូស្លាកលេខខ្មែរ និង ឡានស្លាកលេខខ្មែរទៅស្រុកយួនឬទៅកម្ពុជាក្រោមញយដងដែរ,
ចុម ធ្វើរដូចមិនដឹងចឹង ដឹងទេថាតើ ••••••••••••••។,
ខ្មែរជិះអត់មួក មេីលឃេីញណាស់បែយួនវិញជិះដល់កណ្តាលក្រុង មេីលមិនឃេីញ,
ម្តុំមុខវាំងវិមាឯករាជ្យឃើញរាល់តែដង។តែប៉ូលីសអត់ហៅសួរ។,
ដោយសារអាណាធិប្បតេយ្យនៃបូរណភាពទឹកដីធ្វើេអោយនិគមយូនមានមោទនភាបនិងមានចរិកក្រអឺតក្រទម។,
វាធើតែខ្មែរទេបើវិញចាប់បាត់ហើយជាមួយយួនខ្លាចឡឿងរួញ,
លេខយួនអត់ចាប់ទេចាប់តែខ្មែរទេ,
ខ្ញុំថាបើដោះផ្លាកលេខខ្មែរដាក់ជាផ្លាកលេខយួនប្រហែលជាប៉ូលីសមិនសូវចាប់ទេមើលទៅ,
ចុម ប៉ូលីសអត់ចាប់ទេអញ្ចឹង,
កាលពីជាង១០ឆ្នាំមុន ពេលខ្ញុំនៅរៀននៅមហាវិទ្យាល័យ ខ្ញុំជិះពីផ្ទះនៅតាខ្មៅ ទៅសាលានៅភ្នំពេញ។ ដល់ស្តុបមួយ ភ្លើងបៃតងខ្ញុំក៏ជិះម៉ូតូទៅមុខ ស្រាប់តែពូប៉ូលីស ធ្វើសញ្ញាឲ្យខ្ញុំឈប់។ ខ្ញុំភ័យព្រោះមិនមានលុយទេ។ ខ្ញុំក៏សួរគាត់ តើខ្ញុំខុសអ្វី។ គាត់ថាខ្ញុំមិនខុសអ្វីទេ តែស… See more,
របបអាតិរច្ឆានក្បត់ជាតិកញ្ចះយួនទៅហើយធ្វើម្តេចបង ៗ ប៉ុលីសគាត់ហ៊ានធ្វើការ,
បើមិចេះកុំធ្វើចេះអើយហ្អាសម័យនេះឡានស្លាកលេខខ្មែរចូលដល់ព្រៃនគនិងបាងកកផងអាល្ងើ,
ចប់ហើយស្រុកយើងដឹងគិតមិចទេ,
គេចេញចូលប្រទេសយើងសេរីបើយើងទៅប្រទេសវាវិញពិបាកណាស់,
ខ្មែយើងតែប៉ុនណឹង,
ចយដឹកអើយផ្លាកលេខអុងឡឺងតើ,
អ៑ួយ ៗ ឈឺ,
ចាប់បានតែម៉ូតូខ្មែរម៉ូតូយួនអត់ចាប់,
ម៉ូតូ ឡានក្រុង ឡានដឹកទំនិញ យួនចូលពេញប្រទេស!,
យើងល្មមយល់ហើយ,
Where is ប៉ូលិសចរាចរណ៍,
ចិន នឹងយួន កំពុងក្រឡុកពិភពគុនខ្លាំងណាស់,
បេីខ្មែក្របួចបាត់,
ប៉ូលីសខ្មែរមានភារកិច្ចចាប់តែម៉ូតូខ្មែរទេតើ ។ ម៉ូតូយួនទុកឲ្យប៉ូលីសយួនមកពីហាណូយចាប់ ។,
ប៉ូលីសទៅណាអស់ហេីយ បេីម៉ូតូខ្មែរមួយចំនួនខុសបន្តិចបន្តួចដេញចាប់គ្នាដូចចេារ,
ម៉ូតូស្លាកលេខយូនពេញៗធ្វើចរាច ឆ្លងព្រុំដែនចូលកម្ពុជា តើខ្មែរអ្វី?,
មិនខ្វះទេ ជិះពេញតែស្រុកខ្មែរ និង.,
នៅភ្នំពេញក៏មានដែរ,
You might use a time stamp camera.,
មិចបាននិយាយអញ្ចឹងមេៗខ្ញុំខំប្រឹងធ្វើការណាស់រាល់ថ្ងៃមិនហ៊ានសម្រាកទេវេនថ្ងៃក៏ចាប់យប់ក៏ចាប់មិនដឹងថាចូលតាមណា,
ហ៊ា បូរី មែនតើ  ផ្លាកលេខសោះ ធ្វើមើលម៉ូតូ ឡាន ផលិតនៅស្រុកខ្មែរ នាំចូលមកទាំងអស់សោះ បង់ពន្ធហើយដូចគ្នាសោះ,
ខ្ញុំមានអ្វីៗគ្រប់យ៉ាងដូចថ្ងៃនេះ ដោយសាពួកគេ។,
ប៉ូលិសឥតស្គាល់..លេខលាតាំងផងនិង,
ឡានខ្មែរម៉ូតូខ្មែរចូលស្រុកយួនបានតែមួយគីឡូដីទេបើឡានយួនម៉ូតូយួនវិញបើកចង់ពេញមួយស្រុកខ្មែរ។,
បើម៉ូតូខ្មែររត់តាមចាប់ប្ដូរជីវិតបុកងាប់ចោល,
ពួកយួន បើកម៉ូតូ នៅខ្មែរ ដោយ ស្រួល បើម៉ូតូ ខ្មែរ ទៅបើក នៅវាវិញ មិនស្រួល ដូចនៅ កម្ពុជាទេ និយាយមែន,
កុំថតប្រយ័ត្នប៉ូលីសមើលឃើញ។ចាប់នាក់ថន។,
មកពីអ្នកផុសមិនដែលទៅប្រទេសគេទេមើលទៅ ប្រទេសយួន ប្រទេសសៀម ប្រទេសឡាវ ខ្ញុំក៏ធ្លាប់ជិះរថយន្ត ម៉ូតូ លេខខ្មែរ ចូលបានដូចគ្នាទេអោយតែយើងសុំច្បាប់ធ្វើឯកសារ និយាយរួមបើអត់មានច្បាប់គឺគេមិនហ៊ានយកម៉ូតូចូលមកជិះទេ ប្រទេសខ្លះមានទាំងបង់ធានារាប់រងទៀតផង សូមទោសចូលរួមបន្តិចចិះ។,
អស់លោកមានសមត្ថកិច្ចសូមមើលផង។អញ្ចឹងៗទៅរួច ចប់ហើយស្រុកយើង។,
ថ្លើមធំអាចុយម្រាយមិនគោរពប្រទេសខ្មែរ,
ពេញស្រុកខ្មែរធ្វើអីកយ,
ប៉ាទេសកាំ ជា ជាប៉ាទេសចារីមិនមែនប៉ាទេសកាំនីសទេ,
មួកកញ្ចក់មើលឃើញផ្លាកលេខប៉ុណ្ណាណីមើលមិនឃើញទេ។ពួកអាងាប់,
បងអើយម៉េចខំមិនរឿងម៉ូតូទេព្រោះអីធ្វើម៉េចថារាជរដ្ឋាភិបាយយើងហ្នឹងប៉ូលីសហ្នឹងទៅរៀនភាសាយួនទៅនិយាយភាសាយួនហ្នឹងវាអស់ហើយ។ធ្វើអីខ្វល់អីយើងម៉ូតូសំខាន់ការដឹកនាំហ្នឹងប្រទេសយួនសុទ្ធហើយ។,
ចេញក៏ដឹង ចុងកោះដឹង។,
ប៉ូលីសមើលឃើញអត់ណរ,
Cute has,
ឆ្ងល់ប៉ូលីសមើលមិនឃើញ?!,
នៅក្រុងបាវិតទូទៅហើយបងមិនហ៊ានសូម្បីតែនិយាយ។,
ស្លាកលេខប្លែកណាស់។,
ស្លាកលេខខ្ទង់50ដល់59គឺខាងក្រុងព្រៃនគរ 52,
បាទមេធំស្លាកលេងម៉ូតូអញ្ចឹងមើលឃើញថតបានចប់អាផ្លាកលេខឡានមេអត់ថតឱ្យមើល។ហ្នឹងហើយស្រុកខ្មែរអញ្ចឹង។អញ្ចឹងបានមេដៃល្អ។,
ចង់និយាយថាអត់យល់,
ច្បាសហើយនិយាយត្រឹមហ្នឹង។,
ឥតអំណោយទានណាស់បើខ្មែរគ្នាឯងវិញរិះរកគ្រប់មធ្យោបាយគ្រប់វិធីសាស្ត្រដើម្បីចាប់យកលុយមានកំណើតណាស់,
គេបង់ពន្ធជួនមេហេីយ,
ឃើញខ្មែរគ្នាជិះម៉ូតូអត់មួកបន្តិចហ្នឹងគ្មានលើកលែងទេដេញខ្វែងខ្វិតរត់ចូលមុខគ្នាទាល់តែមានគ្រោះថ្នាក់។,
ឈឺចាប់។ មានក្រសួងមួយធ្វើកាយកតែប្រាក់ខែអត់ធ្វើការ។ ដល់គេនិយាយចោទថា បក្សប្រឆាំទៅវិញ។ ម្ងៃៗមិនដឹងពួកគាត់ធ្វើអ្វីខ្លះ។  (ដល់ខែបើកលុយ),
ឃើញគ្រប់កន្លែងបង,
ចង់ថតជាប់ច្រើនមូតូផ្លូវជាតិ21ប្រហែលម៉ោង3.4ព្រឹកអីនឹហចេញទាំងវ៉ូងម៉ង,
នៅបាវិតវិញបើសិនជាចាប់ហើយដុតចោលវិញមួយខែដុតមិនអស់ផង។,
ហកមើលអ្នកខំមិន,
អរគុណសន្តិភាព យួនចូលក្នុងស្រុក..ហើយថ្នាក់ដឹកនាំអន់ចឹងដឹកនាំស្អីកើត ..ហើយចង់បានសន្លឹកឆ្នោតទៀត យួននៅយួន..!,
ខ្មែរក្រោមយើងទេ កុំទើសទាល់អី ឱ្យគ្នារស់នៅផង។,
គេគ្រប់គ្រងយេីងតាំងពី ១៩៧៩មកម្លេះ,
ដឹកនាំដូចអាច់,
កុំឲ្យប៉ូលីសស្រុកស្មែរ ឃើញស្លាកលេខហ្នឹងអី បើហ៊ានតេពួកគាត់ឃើញគាត់នឹងហៅម្ចាស់ស្លាកលេខហ្នឹងស៊ីគុយទាវឬក៏បាយឆាហើយ។អ្នកស្រុកស្មែរមិនហ៊ានជាមួយស្លាកលេខហ្នឹងទេ,
អាណាធិបតេយ្យប្រទេសឬមួយក៏អាណាធិបតេយ្យរបស់ច្បាប់។,
ប៉ូលីសឥឡូវរវល់តែចាប់ភ្លើងម៉ូតូ។អត់បានមើលស្លាកម៉ូតូទេ,
ពួកអាប៉ូលិសអស់បងប្អូនវាៗមើលអត់ឃើញទេតែបើខ្មែរគ្នាឯងវិញមិនរួចពីរញ៉ាំឡើយ,
ម៉ូតូអាស្រ៊ូយ មិចមាននៅស្រុកខ្មែរខ្ញុំ,
អាណាថាស្រុកខ្មែរអត់យួន,
ស្រុកយើងឥឡូវម៉ូតូអីក៏ជិះបានដែរ។,
ចូលបានជ្រៅម៉្លេះលោកម្ចាស់,
បណ្តើរៗហើយ,
ពួកយួនកាន់តែគភ្លើនខ្លាំងណាស់នៅស្រុកខ្មែរ។ព្រោះតែអាជ្ញាធរខ្មែរវាមិនហ៊ានចេញច្បាច់ចាប់យួនទេ,
ចំឡែកស្រុកយើងឥឡូវសម្បូរអាសត្វឈ្លើងនឹងម្លេះ,
ចង់អោយខ្មែររីកចំរើនទាល់តែ អនុវត្តច្បាប់ជនអន្តោប្រវេសន៍បានដូចប្រទេសថៃ ទំណេញចេញចូលត្រួតគ្រប់ច្រក់,
គេចូលតាមច្រកជ្រៃធំ ប្រើបដឺរផាស់ចូលខេត្តកណ្ដាល ភ្នំពេញនៅក្នុងខេត្តកណ្ដាល ដូចនេះគេអាចជិះបានហើយ។,
ប៉ូលីសខ្មែរខ្លាចយួនណាស់។,
ជិៈខាងក្រោយអត់ពាក់មួកសុវត្ថិភាព បើខ្មែរ ប៉ូលិសចាត់ការបាត់។,
ចុះឆ្នាំមុនឃើញគេសម្ភាសន៍ស្ត្រីម្នាក់គាត់ថាស្រុកខ្មែរមិនដែលឃើញមានយួននោះទេ,
ប្រទេសខ្មែរសេរីចង់ធ្វើអីតាមក្បាលចិត្តបរទេសមកពីអាមន្រ្តីចោលម្សៀតពុករលួយ ចំណែកប្រទេសគេវិញឲ្យតែហ៊ានអើតក្បាលមកមន្រ្តីគេគិតតែពីការឆែកឆេស្របច្បាប់ឲ្យចូលបើមិនទេអញ្ជើញត្រឡប់វិញ ។,
ចុះអាប៉ូលិសចរាចរវាឃើញមូតូមានផ្លាកលេខតើវាដឹងថាមិនមែនលេខនគបាលខ្មែទេអាពួកខ្លាំងតែនិងខ្មែអត់ផ្លាកលេខលុយ។,
បើនៅក្នុងប្រទេសយើង រឺប្រទេសដទៃ ផ្លាកលេខប្រទេសណាចូលក៍វាមិនសំខាន់ដែរ អ្វីដែលសំខាន់បំផុតសំរាប់យើងគ្រប់គ្នាចង់បានគឺច្បាប់ តើមានក្រដាសស្នាមចេញចូលត្រឹមត្រូវដែរទេ? តើពួកគាត់ជាជនអន្តោប្រវេសចេញចូលមានលិខិតស្នាមត្រឹមត្រូវដែរទេ? សម្រាប់ប្រទេសយើងយកយានយន្តរឺចក្រយានយ… See more,
ជិះពេញប្រទេសគ្មានពិបាកអី អ្នកជិតខាងយើងតើ,
ឌូម៉ា,
យួនសុទ្ធ,
អត់មានអ្នកហ៊ានចាប់ទេ​ ពេញលេងហេីយ,
លេខអាស៊ៀនតើ,
ឌូម៉ាពេញប្រទេស,
យើងនាំគ្នាជិះផ្លាកលេខវៀតណាមទៅដោយសារជិះទៅប៉ូលីសមិនចាប់ទេ។ស្រួលជិះណាស់។,
វាចូលបានតាមណាណ៎,
ហេតុអ្វីគេយកម៉ូតូចូលស្រុកខ្មែរស្រួលម៉្លេះ។តើមានច្បាប់ទម្លាប់ដែរឬទេ។មានបង់ពន្ធចូលដែរឬទេ។ឬក៏ក្រដាសថ្នាំត្រឹមត្រូវតាមច្បាប់ដែលមានចែងទុក្ខដែរឬទេ,
អញ់ជិះម៉ូតូផ្លាកលេខភ្នំពេញទៅដល់ទីក្រុងហូជីមិញគ្មានអ្នកណាចាប់ឬធ្វើអីយើងទេ ពួកប្រឆាំងហែងកុំល្ងង់មួយពូជពេក យើងទៅលេងគេបានធម្មតាកុំធ្វើអីខុសច្បាប់បានហើយ ហើយគេចូលយើងវិញខុសច្បាប់ឆែកគេហើយចាប់គេបាន ប្រទេសមួយណាក៏មានច្បាប់ដូចគ្នា ពួកលោកកុំភ្លើដូចអាសមរង្សុីអី អាអត… See more,
សេរីពេកហើយបើយើងយកម៉ូតូយើងទៅវៀតណាមមិនបានទេសូម្បីតែកៀនព្រំដែនឆ្លងផុតក៏មិនបានដែរយួនចាប់ខ្ទេច។,
ពិតជាហ៊ានមែនហើយយួន ទង្វើនេះដែលរដ្ឋាភិបាលខ្មែរត្រូវឆាប់យកច្បាប់កិច្ចព្រមព្រៀង ស្ដីដំណោះស្រាយនយោបាយរួមមួយនៃជំលោះកម្ពុជា នេះទៅអនុវត្តអោយបាន ១០០% ទើបយួន ថៃ ដែលជាម្ចាស់ហត្ថលេខី ដែលមិនគោរព រដ្ឋាបាល កម្ពុជាត្រូវតែ ប្ដឹង ទៅអង្គការ អន្តរជាតិ ទើបបាន,
ខ្សែគេក្រាស់អត់ពាក់មុខសុវត្ថិភាពគាត់អត់អីដែរ។,
មិនបាច់ទៅឆ្ងល់ទេបងអើយនៅតាមបុរីធំៗនៅតាមផ្សារត្រីសាច់និយាយពីថា ចយអើយ,
ខ្មែរឯងវិញចាប់ញាក់,
បងៗប៉ូលិសអេីយហេត្វអីក៍មេីលមិនឃេីញ?,
មើលងាយច្បាប់ស្រុកស្មែរម្លេះលោកយួន,
ខ្ញុំអត់រឺសអើងទេ ការជិះម៉ូតូចូលខ្មែរ ឬក៍ជិះចូលយួន ដូចជាគ្មានបញ្ហាអីទេ គ្រាន់តែខុសគ្នា ថាតើជនអិន្តោប្រវេសអាចប្រើប្រាស់ស្លាកលេខបានប៉ុន្មានខែ តែប៉ុណ្ណុះ,
ខ្មែរ​អឺយ ខ្មែរ,
ស្រុកខ្មែរយើងគ្មានច្បាប់ត្រឹមត្រូវទេអាណាចុងក៏បានដែរ។គ្មានច្បាប់មួយឲ្យប្រាកដទេ។,
ប៉ូលីសចាប់បានតែខ្មែរយើងទេ។,
ពេលខ្លះពួកគាត់ ជាបងប្អូនខ្មែរ កម្ពុជាក្រោមយើងទេ ...,
សព្វថ្ងៃខ្មែរយើងយួនចូលពេញស្រុកពាក់កណ្ដាលភាគរយខ្មែរហើយ។ទើបតែដឹងយ៉ាងម៉េច,
ដាក់ស្លាកលេខហ្នឹងដែរទៅព្រោះស្លាកលេខហ្នឹងជិះអត់ពាក់មួកក៏ប៉ូលីសមិនចាប់ដែរ។,
អរគុណ បិតាសន្តិភាព បិតា សេដ្ឋកិច្ច,
ចូលមួយៗសិន ស្ទាបស្ទង់សិន ធ្វើអោយសុំាសិន ក្លាយជារឿងធម្មតាហើយ ចាំយើងនាំគ្នាចេញចូលទាំងអស់គ្នាដោយសេរី។,
បងប្អូនយើងទេបងៗហាសហា,
ហេតុអីជនជាតិនេះមានឥទ្ធិពលម៉្លេះ,
សេរី,
ចយអើយអាន់ជិះអត់មានអាណាហ៊ានចាប់ទេ,
ឃើញនិងភ្នែកហើយពេលគេថាទៅ ថាឲគេញុះញង់ អត់យល់,
នៅស្រុកយួនវិញជិះម៉ូតូផ្លាកលេខកម្ពុជាសាកមើល ប៉ូលិស VN ចាប់,
ហមម!!! ខ្វះអីម៉ូតូស្លាកលេខចឹងនៅស្វាយរៀងមានម៉ាកាណូ,
សួរថា អាអត់កំណើតណាថាស្រុកខ្មែរអត់យួន,
ច្រើនណាស់,
មិនចង់និយាយអីច្រើនទេ ខ្ញុំជាអ្នកនៅជាប់ព្រំដែនថៃ ពេលមានការរឺក៏ចូលទៅទិញអីវ៉ាន់នៅស្រុកថៃចូលបានតែតាមភូមិដែលនៅជាប់ដែនតិចតួចទេ ហ៊ានតែជិះម៉ូតូមានស្លាកលេខខ្មែរចូលដល់ត្រឹមទីរួមស្រុកគេដឹងតែគេចាប់ហើយ មិនចាំបាច់ជិះចូលដល់ទីរួមខេត្តទេ រឺក៏ក្រុងទេ,
អរគុណសន្តិភាព..។,
មិនហ៊ានចាប់ទេព្រោះជាចៅនាយគាត់,
ពេលខ្លះពួកគាត់ជាខ្មែរក្រោមទេ,
មកពីគេមានខ្សែអ្នកធំគេទៅដល់ណាក៏បានដែរមិនដូចពួកយើងខ្មែរពិបាកខ្លាំងណាស់,
4ដងក្នុង 1យប់,
អត់ឃើញពូលីសចាប់សោះ ឃើញចាប់តែខ្មែរគ្នាឯង យួនច្រើនណាស់នៅភ្នំពេញជិះតាមផ្លូវជួបរហូតស្តាប់លឺនិយាយយួន,
មានផ្លាកលេខបែបនឹងលក់អត់ថង់ទិញដាក់ម៉ូតូ1 ដែរព្រោះផ្លាកលេខប្រភេទនឹងប៉ូលិសអត់ហ៊ានចាប់,
ម៉ូតូពាក់ស្លាកលេខ 52 p3 ជាម៉ូតូនៅក្រុង saigonព្រៃនរគ។,
ចូលមកតានចិត្តម៉ង?,
បួនដងក្នុងមួយយប់4619,
ខ្វះអី,
អត់ប្រើcamera  Timestamp គេមិចជឿ,
ស្លាក Hanoi,
បង អូនយើងនឹង,
កុំចេះតែហ៊ាន ជាមួយ ចយអើយ,
ខ្ញុំមូតូខ្មែរទៅដល់ស្រុកកេមិនមានពីណាគេថតដូចនៅស្រុកខ្មែរតេ យើងកុំមើលគេពីបម្ណងអាក្រក់ពេក,
ចយអើយ ស្លាកលេខនេះ ជារបស់ប្រទេសណាទៅ ន៎,
អើតក្បាលមកបណ្តើរៗហើយ២០៥០លែងមានផ្លាកលេខភ្នំពេញហើយមើលនឹង២៥ខេត្តក្រុង,
យើងកុំមើលតែម្ខាងជួនកាលពួកបំពុលសង្គមទេវាចេះអុចអាលតែខ្មែរគ្នាឯងស្លាកលេខខ្មែរក៏គេជិះនៅថៃបានដែរ ខ្មែយើងរញេរញៃដោយសារតែអាពួករកលុយតាមផេកតាមហ្វេសប៊ុកណឹងឯងវាចេះកាត់តវីដេអូឬរូបភាពដើម្បីផលប្យោជន៍របស់ពួកវា វាមិនគិតថាអ្នកណាយ៉ាងមិចទេសម្ខាន់អោយតែបានលុយពួកវា,
ហេតុអី្វបានជាម៉ូតូគេ។ជិះក្នុងស្រុកឯង។ទៅវិញ។,
ថ្ងៃមុនឈប់ស្តុបឃើញ ពួកសាសន៍នឹង ជក់បារី ធ្វើមិនដឹង សឹងតែ ធាក់ឲងាប់,
កុំថាឡើយ ភ្នំពេញ តាមខេត្តនានា នៅស្រុកខ្មែរយើងខេត្តណាក៏មានដែរ,
ប្រទេសសេរី ហាស,
ស្រុកខ្មែរ ឥតយួន,
ផ្លាកលេខ អាស៊ាន បើមិនជឿ គឺបគ្សប្រឆាំង,
បើខ្មែរវិញគេចាប់ផាកពិន័យហើយទីមួយអត់មានមួកទីពីរអត់មានបង់ពន្ធម៉ូតូៗ   ហើយម៉ូតូចូលមកខុសប្រទេសទៀត,
ស្រុកខ្មែរគ្មានយួនទេ,
វាគឹតថាអត់យួនរស់មឹនបានហើយមើលទៅ....ទៅរៀនក៏ទៅយួន..លួចដីក៏យួន..នាំទំទឹញមានគឺមីក៏យួន..រលាយ...,
ស្រុកបាធាយខេត្តកំពង់ចាមក៏មានដែរជិះកាត់មុខផ្ទះខ្ញុំ។,
ចូលកប់ៗហ្មង ណ,
១០ឆ្នាំទៀតគេច្រើនជាងយើងហើយ,
ភ្នែកពួកវាខ្វាក់អស់ហើយមើលមិនឃើញទេ,
មិនខ្វះទេបងអើយនៅតាកែវយកទៅណាអស់,
យ៉ងយ៉ងម៉ាឌូ,
លោកប៉ូលីសពាក់វ៉ែនតាខ្មៅមើលអត់ឃើញ។,
ចយអ្ហេីយ,
ផ្លាកលេខនឹង ខេត្តស្វាយរៀងសំបូរណាស់,
បើចូលទៅខាងយួនចម្ងាយតែ៥០០ម៉ែត្រក៏ត្រូវធ្វើលិខិតពីព្រុំដែនដែរទើបចូលបានកុំចេះតែហ៍ាន,
សាច់សខ្ចីធ្វើអោយវង្វេងស្មារតី បាត់ហើយ,
តើបានបង្ហាញអ្វីខ្លះពីការដឹកនាំនៅកម្ពជា !,
និយាយលែងចេញ,
អសមត្ថភាព​,
បណ្តើរៗមកហើយ ចាំមើលគេស្ងាត់ដល់ណាទៀត!,
មកពីណានិងបងប៉ូលីសមិនមើលទេ,
អ្នកធំអើយ បើកភ្នែកមើលផង,
កុំចេះតែថតផ្តេសផ្តាស់គេមានខ្សែធំណាស់,
ខ្មោចស្រុកមិនអោយដៃ ខ្មោចព្រៃក៏មិនហ៊ានចូលដែល,
អត់ខ្វល់,
មាន២៥ខេត្ត,
ផ្លូវប្រធានច្រកប្រពន្ធក្លើប្រធានច្រកកុំប្រកាន់អីបងប្អូនយើងទេ,
មួយយប់៤….,
ដូចជាហួសហេតុពេកហើយ។នៅស្រុកខ្មែរ។,
មន្ត្រីយើងពិតជាធ្វើបានល្អណាស់ ម៉ូតូពលរដ្ឋខ្លួនឯងវិញខុសបន្តិចចាប់ផាកពិន័យគ្មានអាសូរ ដល់ជនជាតិគេជិះឆ្លងប្រទេសមិនហ៊ានក្អកផង,
គ្មានអាណាហ៊ានចាប់វាសោះ ខ្មែរឯងអត់មូកអាត់កញ្ចក់តិចមិនបានទេ,
ប៉ូលីសស្រុកខ្មែរម៉ូតូយួនចូលដល់ក្រុងបិទភ្នែកមើលមិនឃើញ តែបើខ្មែរវិញជិះម៉ូតូមិនស្រួលអស់លុយហើយ,
ប៉ូលិសចាប់តែម៉ូតូខ្មែរខ្លួនឯងទេឬអត់ទេហិហិ,
សុំប្អូនប៉ូលីស មេីល ៗផង,
ស្វាយរៀងខ្ញុំឃើញម៉ាគនរ សាកខ្មែរចូលស្រុកយួនវិញមើល ...,
វៀតណាមកម្ពុជាសាមគ្គី​ សាមគ្គា️,
អ្នកជិះស្នែរតាស,
ខ្វាក់ភ្នែកអស់ហើយ លោកប៉ូលីស ចាប់បានតែខ្មែរឯងទេ,
កំពត កែប មានច្រើនណាស់ ចេញចូលជិះសេរី គ្មានទើសក្បាលអ្នកណា,
អរគុណសន្តិភាព បើគ្មានសន្តិភាពយួនវាមិនហ៊ាជិះម៉ូតូពីប្រទេសចូលដល់រាជភ្នំពេញយើងដែរ!,
ប៉ូលីសចាប់បានតែខ្មែទេលេខយួនចឹងមើមិនឃើញទេ,
មុចម៉ូតូខេត្តណានឹងផ្លាកលេខនឹង,
យួនពេញទឹកពេញដីហើយ,
ពីរពាន់ 50,
ម៉ូតូយួនពេញស្រុកខ្មែរបែបប៉ូលីសចរាចរណ៍មើលមិនឃើញ សង្ស័យម៉ូតូយួនចេះ បំបាំងកាយ ហើយមើលទៅ,
នៅស្រុកខ្មែរយួនមានសិទ្ធជាងខ្មែរទៀត,
ហ្នឹងគឺផ្លាកលេខពិសេសប៉ូលីសមិនចាប់ទេ។ព្រោះផ្លាកលេខនេះមានតម្លៃថ្លៃណាស់។,
ប៉ូលិសមិន ផាកពិន័យទេឃើញផ្ទាល់ហើយ,
ចុមកាដុមឆែប,
ប៉ូលិសមិចស្គាល់បើកគ្នាគេ,
នរណាហ៊ានចាប់ អោយ$100,
មិនហ៊ានចាប់ទេខ្លាចអស់សាក់ពាក់,
ស្រុកខ្ញុំអត់យួនទេ,
គេមានជុំក្រឡង់ហើយមើលទៅ,
ទ្រាំទៅបងតិចទៀតបាននៅជំគ្នាហើយបង,
មកតាមច្រក រឺធ្លាក់មកពីលើមេឃ,
តុយ​ម៉ាយH  រំដួល​ធូស្រួលអញ្ចឹង​ បងអូន,
ខែ្មរយើងក៏អាចជិះម៉ូតូវៀតណាមបានដែរនៅកន្លែងធ្វើការខ្ញុំគាត់ខ្មែរតែគាត់ជិះម៉ូតូវៀតណាមគាត់ធូថ្លៃ,
បើខ្មែរទៅជិតព្រំដែនវាមិនបាច់ចាំជិះម៉ូតូទេ។គ្រាន់តែដើរហ្នឹងក៏មិនឲ្យយើងចូលដែរ។,
ជាការធម្មតាទៅហើយ ខេត្តក្រចេះចង់ពេញខេត្តហើយជិះសេរី,
យួនឬមិនមែនយួនស្លាកលេខនេះឯណាមន្រ្តីជុំនាញ,
យើងទាំងអស់គ្នាដឹងហើយថានៅក្នុងក្រសួងមហាផ្ទៃក៏មានជនជាតិយួនជាមន្រ្តីដែរចឹងហើយបានជាយួនហានជិះម៉ូតូស្លាកលេខយួនក្នុងប្រទេសខ្មែរយើងដែលមិនខ្លាចច្បាប់ប្រទេសខ្មែរយើង,
យូនដឹកនាំខ្មែរហើយ,
អត់ដឹងមើលអត់ឃើង,
យួននឹងខ្មែរបងប្អូនគ្នាទេ,
បើយើងជិះម៉ូតូចូលប្រទេសកំណត់ម៉ោងបើផុតម៉ោងវាចាប់ខុសពីខ្មែរ,
នៅតាមខេត្តបានសំបូរ,
ច្បាស់ៗ,
អ្នកមានគុណ! មិនហ៊ានទេ,
បើចេះតែចាប់ដាក់គុកអញ្ចឹងម៉ូតូនិងឡានខ្មែរចុះវៀតណាមច្រើនណាស់ឲ្យវៀតណាមចាប់ខ្មែរដាក់គុកឱ្យអស់ទៅ។,
ជិះម៉ាសេរីស្លាកលេខយួន,
ចយអើយស្រុកខ្មែរគ្មានយួន,
ចប់ស្រុកខ្មែរៗ,
មន្រ្តីប៉ូលីសភ្លេចមើលយួនចូលបាត់មិនដិងអស់ប៉ុន្មានហើយទេ,
ពួកសត្វចង្រៃ,
ឌូម៉ា មកដល់ហើយ,
នៅព្រែកប្រាសម្បូរណាស់,
មកបណ្ដើរៗហើយ ប្រុងៗ,
ធ្វើការដូចអាចម៏ អាងអីចាប់ ពួកអាថោកអស់នោះ,
ពូជខ្វក់មើលយួនមិនឃើញ,
និងបើសិនជាខ្មែរវិញប្រហែលមិនបានឈប់ចឹងទេ,
គេ មកលេង សម្តេច ៗ នៅអំពេញ,
ចយអើយអត់មួកទៀតគេអត់ហ៊ានខាប់,
ប៉ូលីសអត់ហ៊ានចាប់ទេខ្លាចអស់សាក់,
ថតផ្លាកលេខ ប្រយាត់គេចាប់ដក់គុក,
អីណាពួកអាសមត្ថកិច្ច ធ្វើខ្វាក់អស់ហើយ គេប្រលែងពួកអាក្រពើយួនចូលមកពេញប្រទេសអត់ហ៊ានចាប់គេ,
ហ៊ានតែមិនបានយូរទេយ៉ាងយូរ១ខែ,
ទើបមកពីរៀននៅស្រុកយួនមិនហ៊ានប៉ះទេ,
គួរតែបន្ទោសខ្លួនឯងបង,
ឆ្ងល់កន្លែងនឹងមានន័យយ៉ាងមិចម៉ូតូខ្មែរជិះចាប់គ្រប់សបតាំងពីអត់ស្លាកលេខចុះម៉ូតូស្លាកលេខយួនមិចមិនចាប់ប្រទេសយើងដូចមិនមែនប្រទេសឡាវទេ,
មន្ត្រីចរាចរណ៍ងងឺតមុខមើលមិនឃើញទេ មើលឃើញតែរាស្ត្រឯងទាន់។,
ពួកអាឆ្កែចាំផនលូវមើលអត់ឃើញ,
នៅច្បាររអំពៅក៏មានដែរ,
គ្នាមើលមិនឃើញ,
តែយើងចេះដឹងពេកប្រយ័ត្នទៅបងប្អូនខ្ញុំនិយាយយល់ហើយ។,
គ្មានអីយាយជាមួយពួកបងប៉ូលីសទេ,
មើលមិនឃើញទេ,
សព្វថ្ងៃនេះខ្មែរយើងចិត្តល្អណាស់អ្នកជិតខាងចូលបានតាមចិត្តបើប្រទេសគេចិត្តបានដូចប្រទេសខ្មែរយើងអញ្ចឹងប្រហែលជាគ្មានជម្លោះទេ,
ខាងលើគូរពិនិត,
ស្រុកនឹងស្រុកយួនបើស្រុកខ្មែរពិតមែនវាមានច្បាប់សម្រាប់ខ្មែរសម្រាប់ជនជាតិហើយ,
បាត់បងៗប៉ូលីសយើងទៅអស់ហើយរឺក៏ធ្វើមើលមិនឃើញ,
ឆ្ងល់ប៉ូលិសចរាចរណ៍​ ចឹងៗអីបេីកភ្នែកមេីលអត់ឃេីញ,
ខ្វះអីអ្នកជិះម៉ូតូស្លាកលេខយួនខ្ញុំជួបច្រើនដែរ,
សមត្ថកិច្ចថ្ងៃហ្នឹងអត់ធ្វើការបានអត់ចាប់,
យួនចូលយ៉ាងអាណាធិបតេយ្យគ្មានអ្នកមើលការខុសត្រូវទេ។បើខ្មែរចូលវិញពួកមន្ត្រីយួនឃាត់ពេញទឹកពេញដី,
ភ្នែកឡើងបាយមើលអត់ឃើញ,
ពួកអាយួនវាមិនដែលខ្លាចច្បាប់ស្រុកខ្មែរទេ,
បងប៉ូលីសមើលមិនឃើញទេ,
វាមកលេង ណាមយ៉ាង,
ចូលកាន់តែជ្រៅហើយអបអសាទសមាជិកថ្មី,
នៅកែបច្រើន,
អាចម៌បាត់​  ចប់,
សេរីភាពពេកហេីយ,
ប៉ូលិសមើលមិនឃើញទេ,
ប៉ូលិសមើលអត់ឃើញសោះ,
នាំគ្នាផ្លនមូតូវាទៅលែងហានហើយ,
កុំចង្អៀតចង្អល់ពេក វាគ្មានបាត់ស្អីគ្រាន់តែមូតូស្លាកលេខនោះ យើងធ្លាប់ជិះទៅគេដែរតើ ខ្លួនឯងគោរពច្បាប់ចរាចរណ៍ទាំងអស់គ្នាទៅជួយជាតិបានខ្លះដែរ,
អាយួនទៅណាក៏គេស្អប់,
ធម្មតាទេយើងក៏មានជិះម៉ូតូចូលប្រទេសគេដែរឲ្យតែយើងមានច្បាប់អនុញ្ញាតត្រឹមត្រូវសូម្បីតែខ្ញុំក៏ធ្លាប់ជិះចូលទៅក្នុងប្រទេសគេច្រើនដងដែរ,
ធ្វើមិចបើអាយ៉ងយួន,
យួនហូចូលដូចអាច៎អណ្តែកទឹក,
យ៉ាងរលូនបើសិនខ្មែរវិញអត់ផ្លាកលេខសូនចូលប៉ុសន្ត៍ដោះស្រាយ,
ឌូម៉ាមកស្រុកអញ,
អរគុណសន្តិភាព,
អែមមើលអ៊ីទៅ,
ឃើញតែហ្នឹង នៅ pp,
យួនពេញស្រុកខែ្មរ,
ខ្ចិលនិយាយគិតមើលខ្លួនឯងទៅ,
ប្រទេសមួយដាក់ជាតិសាសន៍បីអោយរស់នៅចូលគ្នាគ្រោះថ្នាក់ណាស់អនាគត់អាចនឹងរៀនភាសាយួន,
អរគុណ​សន្តិភាព​ធំ​ៗ​,
អរគុណបងប្អូនចនិយាយ.....,
ដេញមេចោលធ្វើការមិនកើតទោះបីជាគ្នាឯងក៍ដោយអោយតែធ្វើការខុសច្បាប់,
នៅស្វាយរៀងច្រើនណាស់,
ផ្លាកលេខយួនសុទ្ធ,
មើលអត់ឃើញ,
ឡូយមែន,
បួនសិចមួយយប់,
អគុណសន្តិភាព,
ជាម៉ូតូរបស់ចៅហ្វាយប៉ូលីសតាមស្តុប  គេម៉េចហ៊ានហៅផាក ចាប់ បើខ្មែរខុសបន្តិចបន្តួចវិញគឺច្របាច់កយកលុយ,
ជនបរទេសនៅស្រុកខ្មែរវាជិះតែម៉ូតូស្លាកលេខយួន។,
ខ្វះអីបងស្វាយរៀងគេជិះចូលលក់ដូរ លក់ឆ្នោតពេញនឹង,
នៅភ្ន៉ពេញនិងប៉ោយប៉ែតយួនយួនចូល50%ហើយ,
មួកវាមិនពាក់ផង,
ចង់មើលដូនតាវានៅហ្នឹងហើយ។,
ស្អប់ចុយម៉ាយពួកអាយួន,
ម៉ូតូស្រុកស្មែ,
ផលិតផលរបស់ខ្លួនមិនគាំទ្រផលិតផលរបស់ក្នុងស្រុកខ្លួនឯងទេ។ចប់,
យីខ្ញុំសរសើរបងប្រុសម្នាក់ហ្នឹងគាត់បន្ថែមម៉ូតូម៉្លេះអេគឺណូជិះបានរាប់ឆ្នាំពិតជាថែល្អមែន។មិនសរសើរមិនបានទេបង។,
មានគ្រប់កន្លែង ខ្ជឹលតែថត ព្រោះថតហើយមិនដឹងយកទៅអោយអាណាមើល,
សេរីម៉ង សមមិត្ត,
អត់បញ្ហា,
យួនតើ,
ដល់កហើយនេះ,
គេនាំគ្នាមករៀនភាសាគេតើ,
ទីណាក៍មានដែរបង,
ប៉ូលីសមើលអីបូកប៉ូលីសខ្មែរយើងយួនដែរហ្នឹង។,
ជិះច្រើនណាស់គ្មានឃើញអាណាចាប់មួយផង,
អត់យល់ទេ អ្នកចេះច្បាប់ជួយបកស្រាយផង,
បងឯងសោះណា,
ជ្រៅទៅៗហើយ ហឹម,
ខ្វះអី ចង់ថតម៉ានក៏មានដែរ,
តេីយួនមានសឹទ្ធបុ៉ន ណាលេីទឹកដីខ្មែរ,
លោកប៉ូលីសមិនចាប់ទេ,
ប៉ូលីសចាប់បានតែខ្មែរទេ,
អត់មួកទៀត,
ធ្វើមិចគេអ្នកមានគុណ,
និយាយទៅនៅស្រុកណាក៍មានដែរឿងឡានម៉ូតូបេីកបរចូលប្រទេសផ្សេងៗ ទៅមេីលថៃឡានខ្មែរបេីកចូល ពេលខ្លះបេីកបុកទាំងប្រជាជនថៃទៀត តែថៃវាមិនដែនិយារឺរិសគន់ទេសំខាន់គេមកចាយលុយនៅប្រទេសគមិនកាន់ជេីងខាងណាទេ តែសំខាន់គេមកចាយលុយនៅប្រទេសយេីង,
លក់គម្របពាងទឹកពេញប្រទេស,
ស្រុកខ្មែរមិនចាប់ទេស្លាកលេខនេះ,
មិនហ៊ានប៉ះឬមើលមិនឃើញ  ខ្លាំងបានតែជាមួយខ្មែរគ្នាឯង ។ ឆ្កែផ្ទះខ្ញុំបើអ្នកក្រៅចូលផ្ទះមិនហៅម្ចាសទេ ដឹងតែវីវរហើយ,
ផ្លាកលេខនិង តិចទៀតយេីងប្រេីដែរហេីយ .,
ភ្នែកបាត់ទៅណា,
មិនពិតទេ,
នៅណាក៏មានដែលគ្មានអ្វីចំឡែកទេ,
បាត់oppaអត់ឃើញមកស្ទាក់,
ចាប់បានតែរាស្ត្រឯងនឹង,
អត់កំណើតមែន,
ខ្សែអញធំណាស់,
មោលបាង់,
ម៉ូតូយួរ ខ្ចិលមើលឃើញ,
99.99%នៅហ្នឹង,
ទៅណាក៏ឃើញ,
ម៉ូតូយួនជិះពេញស្រុកខ្មែរ,
ម៉ូតូយួន,
ដាក់មកតាមយន្តហោះ,
បារម្ភណាស់,
ចយអើយ,
ល្ងង់ធ្វេីចេះទៀតហេីយ ធុញណាស់,
យួន,
ឆ្ងល់ដែរឃើញស្លាកលេខអញ្ចើងៗគេអត់ចាប់ហើយក្បាលអត់ពាក់មួកទៀត,
ប៉ូលិសធេីខ្វាក់ហេីយចឹងៗ សាកខ្មែរយេីងមេីស ដេញចាប់ដូចចោរលូវ,
ពេញប្រទេសហេីយ,
ចេញក៏អាខ្វាក់ដឹង ចូលក៏អាខ្វាក់ដឹង ! ដោយសារឈាមអ្នកដឹកនាំប្រទេសមិនសុទ្ធ !,
អាប៉ូលិសបិទភ្នែក,
ប៉ូលិសចរាចរថ្ងៃនិងសំរាក់,
សមាហរណកម្មអាស៊ាន,
ចប់និយាយ,
គេធ្វើអីបានតាមចិត្ត,
ចុកៗ,
ចយអើយ ម៉េចហ៊ាន,
អត់ចំឡែកទេ ឃេីញសឹងរាល់ថ្ងៃ,
មិនអាចគិតថាយួនទាំងអស់នោះទេ,
អោយចាប់យា៉ងមិចបើអ្នកធ្វើការហើយនិងយួនពូជតែមួយ,
ហួសចិត្ត,
មិនខ្វះទេបងច្រើនណាស់,
បងអូនយើងទេ,
ចប់ហើយយើង,
ចេះតែថាឲ្យគាត់ហើយគាត់ដេកលក់ម៉ាភ្លេតភ្ញាក់ឡើងពូជចង្រៃជិះហួសបាត់,
ពេញសិទ្ធិហើយ,
ស្លាកលេខខ្មែរយើងតើ,
ចាប់យួនផង,
ខ្មែរអន់,
ចប់ហើយស្រុកខ្ញុំសេរីមែនហើយ.,
នៅសៀមរាមក៏មានដែរ,
ប៉ូលីសខ្វាក់ភ្នែកអស់ហើយ,
ហេតុអី,
យួនខុសច្បាប់ជិះពេញប្រទេសនឹង,
ចាំមើលប៉ូលីសចរាចរណ៍ហ៊ានចាប់អត់,
ខ្មែរយើងគឺអញ្ចឹងឯងបើយើងចូលទៅគេវិញហ៊ានតែហួសម៉ោងគេកំណត់គេនឹងចាប់យើងចូលគុក,
ពួកវាខ្សែយូន,
ជិះចូលតែម្តង អាណាធិបតេយ្យពេកហើយ,
ស្រុកខ្ញុំក៏មានច្រើនដែរវាដើរលក់ពេញហ្នឹង,
ហេតុអ្វីជិះបាន?ប៉ូលីសអត់ចាប់?,
ប្រយ័ត្នឆ្កែខាំ,
ឥលូវកន្លែងណាក៍ឃើញម៉ូតូយួនដែបងៗ។,
ម៉ូតូខ្មែរចូលកម្ពុជាក្រោមមិនបានទេ.,
ខ្វះអីមាននៅស្រុកខ្មែរម៉ាកានរ,
កាលឆ្នាំ 2015 ជួនជិះម៉ូតូអត់នោះប៉ូលីសនៅស្តុកទួលគោយួនវ៉ៃបែកមាត់ 7..8 នាក់។,
បើខ្មែរវិញ ចាំឆុយម្រាយហើយ តែអាមួយណឹងវិញ ម៉ូតូខុសច្បាប់ អត់មួកហីដឹងមាន passport អត់ អាសូរមន្រ្តីបើកលុយរាស្រ្តតែមិនបំរើរាស្រ្ត,
សំខាន់ក្បាលវាអត់មានមួកទៀត,
មានស្លាកម៉ូតូ2ប្រភេទ,
ទឹកដីរបស់ម៉ែឪវានៅហ្នឹងមែនបានចេញចូលសេរីម្លេះ,
ជិះធម្មតា,
និយាយអីយួនចេញចូលស្រុកយើងសេរីហ្នឹង,
ខេត្តកំពតក៏មានដែរបងមានច្រើនដែរហ្នឹងខ្ញុំជិះជួប,
គ្មានអីចម្លែកទេ,
មិនបាច់ថតទេបងអើយវាសារីគ្រប់យ៉ាងហើយ,
ឈរតាមស្តុបបំបង់បាយ,
ទាល់តែយួរបានគេចាប់មិនហ៊ានទេ,
បងប្អូនយើង,
ទៅជារឿងធម្មតាហើយ និយាយមិនបានទេ គុកឡូវហើយ,
ខ្សែធំ,
ចិត្តល្អពេកហើយ,
ប៉ូលីសមើលមិនឃើញ ព្រោះម្ចាស់ម៉ូតូមានជុំក្រឡង់,
ដល់ក បងៗមើលមិនទាន់ឃើញ,
ចប់បាត់ហើយស្រុកខ្មែរ !,
ក្រោមមេឃតែមួយ វាសនាខុសគ្នា,
ស្តែងៗម៉ង,
គេចូលមកយ៉ាងស្រួលឯងចូលទៅគេវិញម៉េចដែរ,
យួនវាមកជះិម៉ូតូផ្លាកលេខវសយួនពួកអារប៉ូលិសដេកលក់អស់ហើយមែន,
ចយអើយចយ,
ងងឹតភ្នែកអស់ហើយបងពូលីសចរាចរណ៍,
ខ្ញុំក៏ជួបដែរនៅកំបូល,
ឌីចើយ,
មិនហ៊ានចាប់គេទេ ចាប់គេគ្រុនញាក់ឥលូវហើយ,
មន្រ្តីចោលម្សៀត,
ចប់គ្រប់យ៉ាង,
ខ្មែរអស់ចា,
កន្លែងណាក៏មានដែរខ្ញុំឃើញតែញឹក,
មួយជីវិតខ្ញុំស្អប់បំផុតជនជាតិយួននិង ជនណាក៏ដោយឲ្យតែក្បត់ជាតិខ្មែរ ចូលដៃជាមួយយួនមិនថាបង្អូនក៏ដោយ,
ចឹងៗប៉ូលីសមើលអត់ឃើញទេ,
ចូលចតតែមានច្បាប់ យើងអាចទៅបានដូចគ្នាអត់ ប៉ូលីសយើងប្រហែល គាត់អត់ឃើញ..,
យាប់ហើយ,
ប្រព័ន្ធរដ្ឋបាលគេគ្រប់គ្រងអស់ហើយយើងគ្រាន់តែជានិមិត្តរូបតែប៉ុណ្ណោះ រង់ចាំតែពេលវេលាមកដល់បន្តិចទៀតនឹងលែងមានជារៀងរហូត ដូចជាតិសាសន៍ចាមអញ្ចឹង,
ប៉ូលីសចរាចរណ៍មិនហ៊ានមើលទេ។,
ស្រុកខ្ញុំអើយ,
បើមេដឹកនាំរបៀបនេះគួរដែរទេ,
មិនចម្លែកទេព្រោះពូជហ៊ុនទាសករយួនដាច់ថ្លៃ,
អ្នកដឹកនាំល្អ,
តាកែវក៍មានដែរខ្វះទេ,
មានអ្នកស្គាល់ស្លាកលេខទៀត,
ធ្វើមិនឃើញ,
នៅបាវិតភ្លុកទឹកភ្លុកដី,
ជិះឃើញរាល់តែថ្ងៃហ្នឹង,
ពួកអាឆ្កែយួនវាខ្លាចយួនណាស់បង,
អត់ពាក់មួកទៀត,
នាសួ,
មានពន្ធស្របច្បាប់,
ឆ្កែមើលអត់ឃើញ!,
កម្ពុជាក្រោម,
ចូលមកកាន់តែច្រេីនហេីយ,
មែននៅខ្មែរយើងទេដឹងបង,
ស្រុកស្មែរ,
កំពង់សោមខ្វះអី,
កោះកុងក៏មានដែរ,
ខ្មែរយើងក៍វៀតណាមអនុញ្ញាតឲ្យម៉ូតូខ្នែរយើងចូលទៅជ្រៅក្នុងប្រទេសវៀតណាមដែរ,
បងប្អូនយើងទេ,
ខ្ញុំឃើញតែមិនស្គាល់ចឹងយួនទេ,
ម៉ូតូខ្មែរយើងក៏ជីះចូលយួនបានដែរ,
យួនវាដឹងថាមេដឹកនាំនេះគាំទ្រវាចឹងវាអត់ខ្លាចញញើតទេ,
នៅយួនគ្មានមួយគ្រឿងផងមូតូនៅខ្មែរ,
ចូលដល់បេះដូងភ្នំពេញម្ម៉ង់ចែ,
ក្រុងបាវិត ច្រើនណាស់ តែអត់ហ៊ានផុសក្រែងគេចោទថាយើងញុះញ៉ង់,
ចប់ហេីយយេីងមិនដឹងថ្ងៃមុនយ៉ាងណានោះទេ,
ឆ្កែវាថាអត់យួនទេ,
យើងចូលគេលំបាក គេចូលយើងស្រួល នេះជាការដឹកនាំដ៏អន់ខ្សោយរបស់ថ្នាក់ដឹកនាំ,
ខ្មែរយើងចឹងហើយស្រួយហើយចិត្តល្អទៀត,
ស្លាកលេខនៅព្រៃនរគរ,
ចុមគេចូលមកយើងស្រួលម្លេះ,
បងប្អូនខ្លះមើលមិនឃើញទេ,
អត់ពាក់មួកសុវត្ថិភាពទៀត,
ចាំតែអ្នកសរមកដល់យើងហើយ,
ចុះថាខ្មែរអត់មានយួនទេម៉េចមកពីរណានឹងយួននឹង,
ល្មមចេះឈឺចាប់ហើយខ្មែរ,
ខ្មែរជិះផ្លាកលេខចាស់ចាប់យួនជិះផ្លាសវាចូលស្រុកខ្មែរអត់ផាកពិន័យ,
ខ្មែសិរីសំរាបយួន,
អ្នកនៅជាប់ព្រុំដែនជិះចូលបានដូចគ្នាដីកអ្នកជម្ងឺទៅពេទ្យទិញរបស់របរផ្សេងៗរហូតរយគីឡូដី,
ផ្លាកលេខព្រៃនគរ,
យួននៅស្រុកខ្មែមានសិរីភាពច្រើនណាស់,
លោកពូលិសទៅណាហេិយយួនអត់ហៀនទេ បានតែធ្វេិបាបតែខ្មែរ,
ចុយម្រាយហើយម៉ូតូយួនចូលដល់ក្រុងភ្នំពេញ,
Uv,
ធម្មតាទេស្រុករ់ដួល,
ឃេីញជិះហូរហែនៅភ្នំពេញ ជួលកាលនៅតាខ្មៅក៏ឃេីញ….,
ស្រុកខ្មែរសំបូរឆ្កែអស់ហ្នឹងណាស់,
ស្រុកខ្មែរធ្វើបានស្រុកគេវិញចប់,
នេះហើយរបបអាយ៉ងយួន,
ជិះពេញ,
ឃើញហើយឈឺចាប់,
ប៉ូលិសចរាចរណ៍ធ្វើការបានល្អ,
ជិះម៉ាសេរីកំខ្វល់យើងទៅដល់ណាក៏បាន,
ចឹងបានថាហាសហាសហា,
ជិតហើយ,
កុំឆ្ងល់រឿងចឹងៗជាយដែន និងផ្សារស្រុកខ្មែរ សុទ្ទតែជនជាតិមករកស៊ីច្រើនណាស់ មិនដឹងធ្វើមិចឲ្យវាទៅស្រុលវាវិញទេ ( មនុស្ស 50%ចាំទប់កុំឲ្យពួកវាចូលមក រឺអែ មនុស្ស 50% ទៀតបើកដៃឲ្យចូលពួកវាចូលមកមិនយូរទេលេងមានជនជាតិខ្មែរហើយ),
ចាប់បានតែខ្មែរទេ,
គ្មាននាក់ណាហ៊ានទេ,
ឈឺចិត្តណាស់,
នៅភ្នំពេញ យកទៅណាអស់,
ស្លាកលេខខ្មែរទេបង ស្លាកលេខសេរីចាស់,
នៅក្រចេះខ្វះអីគួរជើង ខ្សឹម ស្នួល 2ធ្នូ  ស្រែជិះ យកទៅណាអស,
ថាម៉ូតូវាទៅតូចតែឡានវិញក៏មានជិះចូលពេញស្រុកដែរ,
ប៉ូលិសមិនហ៊ានចាប់ទេ,
ម្ចាស់សន្តិភាព,
សេរីភាពជនជាតិយួនពេញទីហើយ,
ចុះលឺអារន្ធៈបាញ់ណានោះវាថាស្រុកខ្មែរគ្មានយួន ចុះនេះម៉ាក់ឪវាមែនជិះម៉ូតូនិង,
ប្រទេសដែលគ្មានច្បាប់​,
មកដល់ហើយ,
ឆ្នាំ 2050 ប្រទេសខ្មែរក្លាយជាប្រទេសអ្នកមានហើយ។,
ម៉ូតូគេជិះនៅស្រុកឯងវាមិនយំទេងំអត់ពាក់មួកការពារហេតុអី្វប៉ូលីសមើលអត់ឃើញ។ហើយបើថាម៉ូតូខ្មែរយើងវិញទៅ។កុហកមកដូចត្រីឃើញនុយ,
កម្មជារលួយគ្រប់វិស័យ,
Tâm nhìn của các bạn chỉ nhìn được có bằng này thôi . dân các bạn một trăm nam sau không phát triển,
គ្មានឃើញទេ,
ចប់ហើយ,
អត់អត់មានអីចម្លែកផងស្រុកយើង,
ចុមមានចឹងទៀត,
សូមមើលផងអស់លោកកុំមើលឃើញតែគ្នាឯង,
ម៉ូតូយួនជិះពេញស្រុកខ្មែរម៉ូខ្មែរយួនអត់អោយចុះ,
ស្លាក់លេខនៅព្រេងនគរ,
ប៉ូលិសមើលឃើញទេ,
ស្រុកខ្មែស្រួលចឹង បើទៅខាងគាត់វិញតែរបងព្រុំដីយើងទៅជិតមិនបានផងបងអូនអើយ,
តើប៉ូលិសខ្មែរនៅវិមានឯករាជ្យដេកលក់អស់ហើយមែនទេ,
អានតែខំមិនក៏ឈឺដែរ,
ត្រូវណាស់,
ចប់បាត់ហើយ ពូលិស មើលឃើញទេអី បើខ្មែរគ្នាឯងវិញយាយពីគៀបសុី,
បងប្អូនល្អយើងតើ!ជិះតាមចិត្ត,
នៅពោធិសាត់ក៏ច្រើនដែរ,
វាសាហាវ,
នៅបាវិតយួនសុទ្ធ,
ចយអើយស្រកស្មែអត់មានយួនទេ,
គេជិះចូលតាមចិត្ត តែបើទៅគេវិញមើលបើបាន,
មើលចុះបងៗប៉ូលីស,
សំបូរ,
ជួនកាលគេអាចធ្វើលិខិតឆ្លងដែនចូលមកដើរលេងក៏ថាបាន,
រូបនឹងនៅយួនតាស់,
ម្ដេចមិនចាបវាទៅ អាសែន,
ឆ្ងល់អីមិនឆ្ងល់ផ្លាកលេខ,
ប៉ូលិសខ្វាក់ភ្នែកមែនបានមើលមិនឃើញអាចជិះបានក្នុងក្រុងភ្នំពេញទៀត,
ប៉ូលីសចរាចរណ៍ខ្វាក់ភ្នែកអស់ហើយមើលមិនឃើញទេ បើខ្ញុំវិញដាក់អំពូលបំភ្លឺផ្លូវឱ្យច្បាស់ស្រួលមើលផ្លូវពេលយប់ចាប់ទារលុយ 6 ម៉ឺនខ្ញុំថាគ្មានលុយទេហើយគំរាមខ្ញុំថាលើកម៉ូតូដាក់ឡានយកទៅខណ្ឌ,
មើលតែផ្សាកណ្តាលទៅខ្វះអីយួន,
យួនឲច្បាសចែស,
ដកហូតម៉ូតូហើយចាប់វាដាក់គុក៣.៤ខែទៅដើម្បីអោយវាដឹងថាច្បាប់ស្រុកខ្មែរតឹងរឹងអត់មែនធូររលុងទេ,
ឱ្យមេដៃគាត់មួយទៅ។ខេៗហាសហា,
បើខ្ញុំជួបអញ្ចឹងតាមផ្លូវដឹងតែធាក់ចង្កូតម៉ូតូតែម្ដង ព្រោះអីស្អប់ណាស់ពូជសាសន៍ហ្នឹង។,
ប៉ូលីសបិទភ្នែក,
ម៉ូតូលោកទូតទេ គ្មានបរទេសឯណាមកជិះចឹងទេ ម៉ូតូលោកឯកអគ្គរដ្ឋទូត មិនដឹងប្រទេស សង្ស័យផ្ទះលេខ៣។,
ខ្ញុំជិះតាមផ្លូវឃើញម៉ូតូយួនច្រើនណាស់ ជិះតាមចិត្ត មិនដែកឃើញប៉ូលីស ឬអាជ្ញាធរ ចាប់ឃាត់ សួរនាំ បញ្ជូនទៅស្រុកវាវិញទេ,
បងទើបមកពីបរទេសមែន ដូចចម្លែកដល់ហើយមិនប្រាកដថាគាត់វៀតណាមណាជួនកាលខ្មែរទេ វៀតណាមឬខ្មែរបងបែងចែកដឹងហើយកុំបន្ទោសគេ,
ទេសចរណ៍ៗធ្វើផ្ទះនៅយ៉ាងរំភើយ,
បើមិនចង់ឲ្យយួននៅស្រុកខ្មែរ បឋមកំចាត់ត្រកូលហ៊ុនចោល នោះយួននឹងចេញទៅភ្លាម ដរាបណា ត្រកូលហ៊ុននៅ យួនវាមានសិទ្ឋិ នឹងអំណាចខ្លាំងជាងកូនខ្មែរ បើកភ្នែក ធំ ៗ ទាំងអស់គ្នា តើសកម្មភាព យួន នៅស្រុកខ្មែរយ៉ាងម៉េច យើងឃើញ មិនមែនខ្វាក់ ដូចហ៊ុនសែនឯណា?!,
មកដល់ផ្ទះយើងមងចយ,
វាលែងចម្លែកហើយដដែលៗរាប់ឆ្នាំមកហើយ គ្រាន់តែថាពេលណាទើបត្រូវដោះស្រាយនិងគិតគូររឿងជនអន្តោប្រវេសន៍នេះ។,
អត់យល់ទេ,
ប៉ូលីសឃើញងងឹតភ្នែក,
ចយអើយចូលមកតាចិត្តមហាមិត្ត,
មីងលីសប៉ូលីសមើលមិនឃើញទេផ្លាកលេខម៉ូតូយួនពេញស្រុក,
សៀមរាបថ្ងៃមុនក៏ឃើញដែរ,
ពេញនិងទាំងអស់ហើយឥឡូវ,
កាបបានតែខ្មែរ,
កុំឆ្ងល់អីបើមេយើងយួនដែលហ្នឹង,
ស្លាកលេខសន្តិភាព,
ម៉ែអាសឺង,
តើឯណាទៅ ច្បាប់ប្រទេសជាតិ,
អ្នកមានគុណវាចូលស្រុកមើលមិចឃើញ,
យួនចូលពេញស្រុក តិចទៀតវាថាក្រុងភ្នំពេញជារបស់វាទៀតឡូវហើយ,
ខ្វះនៅស្រុកខ្មែរម៉ាគរគោកមិនស្រួលចង់ច្រើនជាងម្ចាស់ប្រទេសផង,
មិនផ្លែកទេធម្មតា,
ធម្មតាៗ,
រកនៅតើ ឃ ទៅណាអស់,
ម្តុំផ្សារដើមគរ សុទ្ធតែផ្ទះយួន,
ម៉ូតូខ្មែរចាប់ ម៉ូតូយួនហ៊ាន,
ពួកនេះវាអត់ខ្លាចអីតិចសោះ,
មានបើកភ្នែកមើលលោក,
សូម្បីតែប៉ូលីសក៏ខ្លាចផ្លាកលេខហ្នឹងដែរ,
ពេលចឹងប៉ូលីសមេីលឃេីញអត់ណ៎,
ចប់ហើយស្រុកយើង,
ខ្វះអីនៅបាវិត,
ប្រយត្ន័គេថាលាបពណ៌,
បើអញ្ចឹងវិញមើលមិនឃើញទេ,
បេីខ្មែរវិញគ្មានរួចខ្លូនទេ,
នៅច្បាអំពៅខ្វះអី,
ខ្ញុំឃើញពេញតែផ្លូវដូចគ្នា ភ្នំពេញក៏ឃើញ ព្រះសីហនុក៏ឃើញ ឌូម៉ាចយហ្អើយ,
គ្មានអ្វីប្លែកទេសាំហើយ,
ខ្លាចគេប្រាស់អាយ៉ូស,
ចឹងសោះឆ្ងល់ដែរ វាជារឿងធម្មតាតើសំបូរសឹងអី បើប្រជាជនយើងអគុណសន្ដិភាពដាស់មិនភ្ញាក់ផង,
ញុមអានចេញ4sex one night,
ខ្ញុំរកទិញម៉ូតូ ជិះ តែមានពន្ធ,
តើប៉ូលីសចរាចរដែលឈរជើងព្រោងព្រាតតាមដងផ្លូវនិងតាមភ្លើងស្តុប ដែលឃើញថាស្លាកលេខប្រភេទនេះឬទេ?,
យួនចូលស្រុកហើយ,
លែងចង់និយាយហើយរឿងយួន,
តាមខេត្តសម្បូរណាស់Admin,
បេីស្រុកខ្មែរដូចស្រុកយួនដែលនិង,
ចូលមកស្រុកយេីងគ្មានខ្លាចញញេីតអីទេ​,
ជួបតែញឹក,
ស្រុកខ្ញុំខ្វាស់ឥបង,
ស្រុកខ្មែរអត់យួនមានតែវៀតណាម,
ទៅណាស្រួលជាងស្រុករំដួលយើងទៀត?,
ធម្មតាៗស្រុករំដូល,
ចាំមើលពួកអាឆ្កែតាមស្តុបវាហ៊ានផ្លុំកញ្ចែអត់,
គាត់មើលអត់ឃើញ,
ឌីឌៅឌុកឌឿឌៀងឌាកឌេវឌាញ់ឌឹកឌាយកូងថៀងឌាប,
ចុមនៅស្រុកខ្មែរម៉ូតូមានផ្លាកលេខចឹងដែរ។,
ខ្មែរធ្វើបាន,
បើយួននៅជាប់ប៉ុស្តិ៍ប៉ូលិសណឹង,
ពេញទឹកពេញដីហើយបង,
ជិះជិតៗប៉ូលិសមើលអត់ឃើញផងនឹង,
ពួកអាឆ្កួត ចុះហែងអត់ដែលជិះចូលទៅដីគេទេហា រឿងជិះចូលដីគេ ដីយើងគេមានច្បាប់ ភ្លើម្លេះ ប្រឆាំងឲ្យវាត្រូវផងមើល មកពីពួកហែងមិនធ្លាប់យកឡានម៉ូតូជិះទៅ ប្រទេសគេ ឬហែងធ្វើមិនដឹង?,
បណ្ដោយឱ្យយួនចេញចូលសេរីតាមចិត្ត អត់មានត្រួតពិនិត្យទេ ឱ្យតែបែបនេះ តិចទៀតទឹកភ្នែកជូតក្បាលជង្គង់ហើយ,
ខ្ញុំជិះម៉ូតូមានគ្រប់សព្វនៅតែប៉ូលិសចាប់បាន ដល់ពេលនេះគាត់មើលមិនឃើញ,
ប៉ូលិសចរាចរណ៍មិនហ៊ានចាប់ទេចាប់បានតែខ្មែរគ្នាឯង,
ឆ្ងាញ់ត្រង់អត់មួកទៀត,
ខ្លួនតូច តែ បេះដូងធំ,
ឲតែ2000៛ចូលបានហេីយ,
ឱស្រុកខ្ញុំអើ៊យ,
យួនចូលពេញស្រុកនៅអគុណសន្តិភាពទៀតចេះទៅរួច,
ឥឡូវគិតមិចកនយេីង,
ស្មែរតើ,
អត់មានពូលីសហានចាប់ទេ,
បើផ្លូវជាតិលេខ3វិញខ្វះអីបង,
នៅណាក៏មានដែរ​ ពូជនេះនោះ,
ឌូម៉ា..,
ស្រុកយួនតើរាល់ថ្ងៃ,
យួនពេញស្រុក​,
មេ,
ឡានក្រុងក៏ច្រើនដែរស្លាកលេខពណ៌លឿង,
ចុមផ្លាកលេខអីគេហ្នឹង,
មន្ត្រី ខ្មែរខ្ញុំ ខ្លាចសាសន៍,
ខ្មែរជិះម៉ូតូអត់មួកដេញទាលតែធ្លាក់លូ,
ផ្លាកលេខហ្នឹងគេដាក់រកករងកម្ម,
ស្រុកខ្មែរអាចធ្វេីបាន,
យួនវាហានណាស់,
ចុមខ្លាំងម្ល៉េះវ៉ៃលុកត្រឹមព្រំដែនបាវិតបានហើយដល់ភ្នំពេញទៀត,
ម៉ូតូយូន អត់ពាក់មួកទៀត ធ្វើអីកយ,
មើលម៉េចឃើញព្រោះអាហ្នឹងវាចេះមិនបានភ្នែកប៉ូលីស,
យួនធ្វេីបាន,
ខ្លាំងមែនៗ,
ពួកហ្នឹងមើលមិនឃើញទេ,
មកពីមន្ត្រីខ្មែរយើងយកលុយវាហើយបានជិះមកដល់ខេត្តព្រះសីហនុ បើទៅវាវិញចាបមួយចូលមិនបានផង,
ស្លាកលេខផ្លាកលេខហ្នឹងចេះបាំងភ្នែកប៉ូលីសតើវាប៉ូលីសមើលមិនឃើញទេប្រឡាក់លេខម៉ូតូហ្នឹងនោះ,
ច្រេីន,
ចប់ហើយស្រុកខ្ញុំអនាគត,
មើលអត់ឃើញទេ ឆ្លងកាត់ម៉ោងបាយ,
មិនបាច់ខ្វល់ទេតិចទៀតមានជិះពេញស្រុកហើយ,
លូវទៅទីណាក៏ឃើញដែរ,
ប្រទេសយើងខ្លាយជារបស់គេហើយតែគេមិនទាន់បញ្ចេញមុខទុកអោយប្រជាជនយើងរស់នៅហើយគេមកម្ដងមួយៗយូរៗទៅពេញប្រទេសហើយៗគេរសនៅយ៉ាងស្រួលមិនមានបញ្ហាអ្វីឡើយ,
បើស្រុកវាវិញគឺចប់,
តើប៉ូលីសនៅឯណានៅពេលយើងត្រូវការពួកគេ?អះអាងថាជាអ្នកស្នេហាជាតិ..គូទខ្ញុំ,
ខ្លាចយួន,
ចុយម្រាយអើយឪកូនអាខ្វាក់បន្តោយអោយពួកអានេះចូលពេញប្រទេសហើយ,
រឿងធម្មតា,
ពួកអាឆ្កែ វាមើលមិនឃើញទេ បើវាមនុស្សវាមើលឃើញហើយ!,
យើងចាញ់បោកយួន វាជិះចូលខ្មែរបានតែខ្មែរជិះចូលវិញមិនបាន តើយើងនៅយកចោរធ្វើមិត្តដល់ណា?,
និងជាឆ្កែហ៊ុនសែន,
Public បណ្តើៗហើយ,
ប៉ូលិសអត់ចាប់ទេ,
ផ្ញេីអោយអាយ៉ងមេីលផង,
កុំនិយាយច្រើនពេកប្រយ័ត្នបងប្អូនដឹងហើយឮហើយ,
ឆ្កែយួន,
អបអរសាទរ​ផង​,
ថោកមែន,
អនិច្ចាចំនេះដឹងប្រជាជនខ្ញុំ,
ល្មមត្រាស់ដឹងហើយគ្រប់ទីកន្លែងនឹង,
ពួកចូលស្រួល ចេញពិបាក។​,
ប្រទេសខ្មែរជាប្រទេសចាប់ឆាយ។,
ស្លាកលេខយួនហើយអ្នកជិះក្រោយអត់ពាក់មួកទៀតលោកបូលិសមើលអត់ឃើញទេយួនចេះបំបាំងកាយហើយមើលទៅ,
ស្រុកខ្មែរ,
ហឺ,
ចាប់ម៉ូតូយួនទុកកុំអោយជិសបើខ្មែរស្រុកវាវិញវាមិនអោយយើងចូលស្រុកទេពូកអាចុយម្រាយយួនប៉ូលើសខ្មែរអត់ហា៊នចាប់យួនហ៊ានចាប់តែខ្មែរអែង,
ជារឿងធម្មតាទៅហើយ,
ប៉ូលិសខ្មែរទៅណាអស់ហេីយ?,
គ្មានឃើញក្បាលអាណាចុះចាប់,
Doma Aseang,
មិចនឹងហ៊ានចាប់ទៅ,
សេរីហើយ,
ថាម៉ូតូទៅវាតូចមើលមិនឃើញតែឡានក្រុងប៉ុណ្ណាណីស្លាកលេខយួនបើកបរសេរីពេញទីក្រុងគុជ,
នៅកោះកុងវិញក៏ឃើញមានជិះច្រើនដែរបង,
ហើយដីចច្រណែនជិះទៅស្រុកគេវិញទៅ ឯងជិះចូលប្រទេសគេអត់មានអាឆ្កួតណាមកថតចឹងដូចអ្ហែងឡើងព្រែកចាកឬភ្នំឌិនចូលយកតែអតសញ្ញាណប័ណ្ណទៅជិះចូលយ៉ាងច្រើនអស់២០០០ទេដែលអត់បើមិនដែលសាក់មើលមើស,
បើឈាមខ្មែរមិនចាប់ទេ,
ប៉ូលីសខ្មែរយើងមួយចំនួនស្គាល់តែលុយទេ,
អាសត្វតិរច្ឆានយួនតើ,
បាត់ឆ្កែយាមផ្លូវទៅណាអស់ហើយ,
យួនច្រើនណាស់,
ប៉ូលីសមិនហ៑ានចាប់ទេ ចាប់បានតាខ្មែរ,
ជិះពីយួនមកដល់ក្រុងខ្មែរតែម្ដងកុំជោ,
ពួកអាសត្វយួនវាគ្មានខ្លាចក្បាលអាណាទេ,
បេីនៅតាមច្រកព្រំដែនវិញមិនបាច់និយាយ .,
គិតមិចឡូវ,
ច្រើនណាស់បង,
ប៉ូលីសចរាចរថា ស្លាកលេខអាស៊ានទេដឹង បានមិនហ៊ានខាត់,
ប៉ូលីសណាក៍ដោយហ៊ានចាប់ផាកស្លាកលេខនេះដឹងតែធ្លាក់ផ្កាយពីលើស្មារហើយ,
និងមេនស្លាកលេខយួន,
នៅសៀមរៀបឃើញរហូតនិង,
ចូលបានទៀត,
ឪ,
ទាត់១ជេីង,
ច្បាស់ណាស់ថា យួន?????,
កំពង់សោមអត់ខ្វះទេបង ពេញនឹង,
តិចទៀតមិនខ្វះទេ,
ស្រលាញ់ជាតិពេកទៅចឹងអស់ទៅ,
ទឹកត្រីសញ្ញាបង្កង,
បើពលរដ្ឋខ្មែរ ដឹងតែអស់លុយទៀតហើយ,
នេះហើយស្រុកខ្មែរអត់យួន,
ក្មេងមែន ម៉ូតូជំនាន់ធ្លាក់គ្រាប់ទេ,
សើចអាយះមាត់,
កំសោយ,
វាថីមួយៗចេះតែមកធ្វើបាបតែខ្មែរចឹងអស់មួយទៅមួយគ្រប់ៗរូបភាពគ្រប់ៗបញ្ហាមិនចេះចប់មិនចេះឈរចឹងអស់លោកចាត់ទុកថារាស្ត្រខ្មែរដូចសាច់ហើយហ្នឹងជ្រុញមែន,
ញាតិរបស់អាថោកកម្ពុជាលេខនេះមកពីទីក្រុងព្រៃនគរកម្ពុជាក្រោម,
មួយយប់អត់បានដេកទេមើលទៅ,
នាក់ជិតខាង,
ម៉ូតូខ្ញុំក៏ជិះទៅវៀតណាមបានដែរឱ្យតែមានខាតគ្រីច្បាស់លាស់,
យួនចូលគ្មានអាណាអើពើអីតិចសោះ,
ដល់កណ្តាលទីក្រុងហើយ,
ហៅបងប្អូនយើងញាំបាយផងមកដល់យូរហើយ,
បងប្អូនខ្ញុំមកដល់កាំជាហើយ,
ចប់ស្រុកខុំមិនបាច់និយាយទេ,
កន្លែងណាក៏មានដែរបងអើយ,
បងប្អូនយើងតើបង,
មិចប៉ូលិសអត់ឃេីញចឹង ហេីយខ្ញុំអត់ដាក់ខ្សែក្រវ៉ាត់ឃេីញច្បាស់ម្លេះ,
ចាត់ទុកប្រទេសដូចប្រទេសវាហើយ,
ម៉េចក៏មិនហ៊ានផាកប៉ូលីសខ្មែរយើង,
ប៉ូលីសអត់ហ៊ានចាប់ទេព្រោះអត់ចេះយាយវៀណាម,
ចុមជិះ បានហើយស្រុកស្មែ,
C.L.V.ធ្លាយដល់នឹងហើយទេដឹង?.,
ចុះក្រែងបងធ្លាប់និយាយថាកុំប្រកាន់អ្នកជិតខាង,
បងអូនយើងតា យើងស្មែរ គាត់ កាំជា,
ឆុយ  ស្លាកលេខអាមេរិក,
ខ្មែរអើយខ្មែរ ម៉ូតូយួនជិះបានពេញស្រុកខ្មែរ តែគ្មានទេ ផ្លាកខ្មែរជិះបាននៅយួន…,
ស្អីកមិនខ្វល់,
ដឹកនាំអត់កំនើត,
បងប្អូនល្អ,
យកទៅណាអស់,
ឆ្លងមក២ច្បារអំពៅនឹងតើ,
ទៅខ្វះអីនៅណាក៏មានដែរ បើស្រុកកោះធំ ខេត្តកណ្តាលខ្ញុំវិញខាប់ដូចទឹកគ្រឿង,
ខាងញ៉ុមកំពង់ធំខ្វះអី,
នៅសៀមរាបច្រើនដ៏ករ,
តែមិនស្រួលលោកប៉ូលិសអត់ហ៊ានផាកពិន័យអត់ពាក់មួកផងដឹង,
វាអាចធ្វើបាននៅស្រុកយើង ចុះយើងវិញ?,
បើនៅថៃវិញគេចាប់ដាក់គុកបាត់ហើយស្រុកខ្មែរស្រួលចឹង,
ទីផ្សារសេរី,
ស្រុកខ្មែរប្រទេសខ្មែរ មិនមែនប្រទេសយួនទេម៉េចជិះតាមចិត្តចឹង ច្បាប់កម្ពុជាមិនធូរទេគឺច្បាប់តឹង,
បើខ្មែរវិញរត់ចាប់មិនស្អាលងាប់,
ស្លាកលេខម៉ូតូហ្នឹង ប្រហែលដល់  មុខប៉ុស្តិ៍ប៉ូលីស ចេះបំបាំងកាយមើលទៅ,
ពេលឈប់ស្តុបម្ដងៗសម្បូរយួនណាស់តែស្លាកលេងម៉ូតូសុទ្ធតែភ្នំពេញ,
អាឡូរឆ្កែមនុស្សប្ដឹង,
បើដូងយើងធំ ទឹកដីយើងសល់ច្រើន..?,
ខ្ញុំក៌ធ្លាប់ជិះឡានចូលដល់យួនដែល សំខាន់អោយតែមានច្បាប់ត្រឹមត្រូវ,
យើងធ្វើបានគ្រប់ទម្រង,
ម៉ូតូខ្ញុំគ្រាន់តែស្លាកលេខចាស់មេីលអត់ច្បាស់ ក៏ប៉ូលីសចាប់ផាកដែរ,
ច្បាប់ស្រុកយើងវាអន់បានគេមិនខ្លាចនោះ,
ពួកអាមន្រ្តីចោលម្សៀតវាចាប់តែខ្មែរផាកយកលុយអានិងលឿនតែបើម៉ូតូយួនវាខ្លាចដូចឳវាអញ្ចឹង,
ឡូយហ្មង អត់ពាក់ពួកសុវត្តិភាពទៀតអ្នកក្រោយ ស្លាកលេខអ៊ែមចឹងអត់ពាក់មួកប៉ូលីសចាប់អត់ហ្ន៎,
ម៉ូតូមានជុំក្រឡង់កាន់មិនងាយចាប់ទេ,
វាចូលមកជិះសេរីពេញប្រទេសខ្មែរ,
ខ្ញុំជួបរហូតទាំងម៉ូតូនិងឡាន,
ភូមិញុមរាប់រយ,
ខ្វះអីពេញប្រទេស,
ងៀកទៅទិញណាក៍ឃើញដែរទោះមិនមែន100%ក៍ឃើញខ្សែរកូនកាត់ដែរ,
យៀនអាចធ្វើបាន,
ប៉ូលិស៍ឃើញផ្លាកលេខនេះញ៉ាក់សាច់ទ្រើកៗ,
គ្មានបងៗណាមើលឃើញ,
ច្បាប់ធ្វើឲ្យល្អៗមិនចូលចឹត្តទេអូនៗ,
មិនពាក់មួកក៏គ្មានអាណាហ៊ានក្អក កុំចង់ណាំងមួយអាន់,
បើវាវីញដឹងធើ្វម៉េចខ្លះ,
ងៃមុនញុមឃេីញឡានផ្លាក់លេខថៃចង្កូតខាងឆ្វេងជិះនៅកំពង់ចាម,
សេរីដល់ករគ្មានខ្លាចរអែងសោះ,
នៅកំពង់សោមក៏មិនខ្វះដែរ,
ម៉ូតូយើងជិះចូលប្រទេសវាបានទេ......?,
អោយយួនមេីលងាយ,
ស៊្មែ សុទ្ធ,
ចប់វាចាសន្តិភាពខ្លែងខ្លាយ,
ដេញវាចេញ,
ក្រុមម៉ូតូមកជុំគ្នាជាលក្ខណ:ដំណេីរកំសាន្តឆ្លងប្រទេសមានច្បាប់ទំលាប់មិនអ្វីទេ​ តែបេីមកបែបខុសច្បាប់​ កាប់ផ្តាច់ស្លាកលេខទៅស្ទាវៗ,
ឥតកំនើតបើខ្មែរវិញរត់ឡានបុកងាប់ចោលដេញចាប់,
គ្មានក្បាលអាណាចាប់,
ពួកឯងអត់ដែលជិះឡានផ្លាកលេខខ្មែរចូលទៅក្រុងបាងកក ឬក្រុងហូជីមិញទេឬ?,
សុទ្ធតែ បងប្អូនយើងទេ ចយអើយ,
មិនបាច់ថានៅភ្នំពេញទេនៅខេត្តខ្ញុំរាបពោន់ម៉ូតូ,
អេមអើយអេម ម៉ាយប់4ដង ចឹងបានស៊ីដីអញអស់,
យួនលួចអាក្រក់,
បើខ្មែរវិញចាប់កៀបសង្កត់យកលុយចំណែកម៉ូតូពួកសន្ដានចោរលួចដីខ្មែរចូលតាមអំពើចិត្តមានអាណាអើពឺជាពិសេសព្រាយនៅតាមស្តុបហ្នឹងតែម្ដង,
បើនៅស្រុកវាវិញ គេស្លរកាកូយូហើយ សម្លរប្រហើ ហៃអើនៅស្រុកខ្មែរមានរហូត,
ចុមលេខអាកាទប់យួនមិចមកជិះនៅស្រុកអញ,
ចយអើយ អាន់ជិះគ្មានប៉ូលីសណាហ៊ានហៅអាន់ទេ សុកស្មែរសួលចឹង,
ក្របីធ្វើ..,
ញុមនៅប៉ោយប៉ែតលិចមេឃហើយនៅតែមាន,
សែដាបឆយអឺយឆយ,
ប្រហើនណាស់,
ច្បាប់ដូចជាធូររហុយពេកហើយ តើមានអជ្ញាធរណាចេញមកបកស្រាយចំពោះរឿងនេះ?,
Z,
អត់មានអីចម្លែកផង,
ចូល​តាម​ជើង​ខោ​,
មិនខ្វះទេ ខ្ញុំធ្លាប់ឃើញយួនពីរនាក់ជិះម៉ូឌុបគ្នាអត់ពាក់មួក ខំជិះគៀបអោយប៉ូលិសចាប់ ប៉ូលិសចាប់បានមែន តែសប្បាយចិត្តបាន10វិនាទី ឃើញវាជិះមកតាមក្រោយធម្មតា នៅម្ដុំទូតចិន។,
មានអារម្មណ៍ថាអាណិតប្រទេសជាតិយ៉ាងខ្លាំង,
សត្វយួនជាពូជចង្រៃណាស់មិនគួរឲវាចេញចូលតាមចិត្តវាទេ,
ស្រុករំដួលមន្ត្រីឃើញចឹងគាត់បិទភ្នែកអស់ហើយ,
នៅអូឡាំពិចក៏សម្បូរដែរ,
បេីមិនជឿកុំប្រមាថ,
សំខាន់ម៉ូតូយួនខ្មែរយើងទិញជិះដែរគិតម៉េចឥឡូវ,
ចុះពួកប្រុសពួនអត់ចាន់ទេ?,
ផ្លាកលេខហ្នឹងស្មើរនឹង ខម,
នៅបាវិត៩០%ហើយម៉ូតូយួន,
ស្រុកស្មែរមែន ?,
សមាជិកអាស៊ាន បើកចំហរជើងមេឃ,
ប៉ូលីសអត់ទេ?,
ភ្នំពេញជាពាក្យសម្រាប់តែខ្មែរយើងទេ ឯVN គេហៅ ណាំយ៉ាង Nâm Yāng,
មកពីកាលណា,
មានហេតុ ទើបមានផល កុំឆ្ងល់ថាមកពីអី,
ចប់ហើយស្រុកខ្មែរអណាធិបតេយ្យហើយ,
បងៗចេះតែថាពួកនិងបង់ពន្ធជូនរដ្ឋត្រឹមត្រូវតើ! មួយឆ្នាំៗចំណូលចិញ្ចឹមរដ្ឋយើងច្រើនណាស់ ហើយបើនិយាយពីថៅកែៗយួនវិញ ទំនិញគេចពន្ធពីយួនយកមកចិញ្ចឹមរដ្ឋយើងក៏ច្រើនគួសមដែរ សំរាប់យួនសម័យនេះគ្មានអ្វីស្រួលអីស្រួលជាងសម័យនេះទេ! កើតថៅកែព្រាត,
ហ្នឹង,
ឃើញតែញឹក,
ថាមែនៗមោពេញនិង,
អាណាគតទៅជាប់ឈ្មោះជាជនក្បត់ជាតិ,
បងប្អូនអ្នកថតនុង,
ធូរទៅស្រុកវាតឹង,
ច្បាប់ស្រុកខ្មែរមហាសែនអន់សារខ្មែរជិះម៉ូតូមកចូលដីថៃឡូមើលស្ពៃ,
នណាជាអ្នកអនុញាត ឲមានបែបនេះ???,
បងប្អូន,
ណាហ៊ានចាប់,
មានច្រើនណាស់ឥឡូវនេះ,
ម៉ូតូយើងជិះស្រុកគេមិនបានទេ,
ប៉ូលីសអត់ហ៊ានធ្វើអីទេ ប៉ូលីសស្រុកខ្មែរបានតែខ្មែរគ្នាឯងទេ,
បងៗពូៗប៉ូលីសចឹងមើលអស់ឃើញទេ ព្រោះមានជុំក្រឡុង,
ពិតជាគ្មានច្បាប់ទម្លាប់មែន,
ហើយថីម៉ូតូមួយគ្រឿងសោះអោយគាត់ជិះទៅ,
បាត់ប៉ូលីសចរាចរណ៍អស់អាលីង,
ចុមការដុំឆែប,
ចប់និយាយហើយបងៗអើយ......,
ចប់ហើយយួនហូលចូលដូចទឹក,
ហាសហាសសាម៉ែ,
ចយអើយ បងប៉ូលិសស្រុកខ្មែរអត់ស្គាល់ស្លាកលេខនឹងទេ ចាប់មិចកើត,
ធម្មតាៗតេីបង,
លេខ52 នៅខ័ណ្ឌ ធូឌឹក thu đuc,
បើម៉ូតូខ្មែរអត់ខ្ចក់តែ១ក៏ចាប់ដែរអត់យល់,
នៅស្រុកខ្មែរស្រួលអញ្ចឹងហាស,
មូតូដាក់ភ្លើងសរក្រាន់ឃើញភ្លាមនាំគ្នាស្ទាក់ចាប់ឯងដូចចោចិង,
មានសេរីភាពជាងម្ចាស់ស្រុកទៀត,
China đang xâm lược mềm khmer nhưng việt nam lại mang tiếng xấu. Người Campuchia không khôn khéo sẽ mất hết tất cả. Vn muốn lấy đất khmer chỉ cần mua lại của china.,
អាហ្នឹង​ហេីយស្លាកលេខមេ​ ខ្ញុំ​ទេីបរកបានមួយដែរ,
ឃើញរាល់តែថ្ងៃនឹងគ្រប់សេរី,
យូនជាមេ យើង,
ចាប់បានតែម៉ូតូខ្មែរទេអត់កញ្ចក់អត់មួក,
ម៉ូតូឯងស្លាកលេខត្រឹមត្រូវពេលពួកគវាចាប់វាខ្សិបខ្សៀវគ្នាថាម៉ូតូស្លាកលេខមានបញ្ហា,
ប៉ូសីសសម័យសន្តិភាពចាប់តែរាស្ត្រខ្លួនឯង,
បាត់ពួកនាងពួនទៅណាអស់ហើយ,
នៅកំពុងសោមក៏ជួបច្រើនដែរ,
ច្បាប់?????????????,
ម៉ូតូស្មែរ,
ស្រុកខ្មែរ គ្មានយួនទេ បង ..ព្រោះយួនមកច្រើនពេកកើតខ្មែរអស់ហើយ,
រោងចក្រខ្ញុំធ្វើយួនសុទ្ធតែមេ,
ខេត្តណាក៏មានដែរ,
គេចូលមកយេីងស្រួល យេីងចូលទៅគេអត់បាន,
គ្នារវា ៗមុិចចាប់យូនបងប្អូនវាបង្កើត,
កុំថតបងប្រយ័ត្នអ្នកស្រុកយើងគេចាប់បង,
នៅកែប នៅកំពត ច្រើនណាស់,
ឃេីញសំបូរខ្លាំងណាស់​ មួួយ​រយៈពេល​នេះ​ ជាពិសេស​នៅ​ច្បារ​អំពៅ​តែម្តង,
សំ ផៃ ឃើញតាញឹកឡានក៌ចឹងដែរ  យូរហើយទើបដឹង,
ជារឿងធម្មតាទេ,
បើគ្នាវាដែរហ៊ានចាប់ហាស់ពួកកូនមេថេាក,
បាវិត ពេញទីក្រុងម៉ង,
ប្រទេសខ្មែរប្រជាជនយួនបង,
ឯករាជ្យ គ្មានក្បាលអាណាមើលទេ បើខ្មែរវិញចាប់ខ្ទេច ចឹងបានបរទេស មើលងាយ ដឹងបង្កើតច្បាប់អីទេ ច្បាប់ថោកចឹង អង្គុយលើច្បាប់ អំណាច់លើមនុស្ស,
បើនិយាយរឿងនឹង ចាប់ដាក់គុកឥលូវនឹង ដឹងប្រទេសគឺបាញ់អីចឹង,
ពួកអាថេាក,
យួនក៏លួចយកចិនក៍ទិញយកអស់ហើយអនាគតទឹកដីសុវណ្ណភូមិយើងរលាយហើយតែយ៉ាងនឹង។,
ប៉ូលីសមើលមិនឃើញទេបិតភ្នែកអស់ហើយ,
នៅស្ទឹងមានជ័យ ម៉ាគគោក,
មេីលខមិនហេីយបានដឹងថាពួកប្រឆាំងល្ងង់ច្រេីនណាស់​,
ចេញចូលសេរីហេីយបងអេីយ,
បងធំនៅនឹងហើយណាហ៊ាន,
ន៎នៅព្រៃនគរយូរៗឃើញផ្លាកភ្នំពេញធម្មតាតើ,
នៅខ្មែរយើងខ្ញុំឃើញគ្រប់ម៉ាកហើយទាំងក្មេងទាំងចាស់ ជិះពេញនឹងអាយូន,
មូតូយួន,
បងប្អូនយើងទេបង,
នៅបាវិត ដឹក20ឡាន មិនអស់ទេ,
មើលឃើញតែកំហុសខ្មែរចាប់តែខ្មែរ ឯយួនវិញសេរី ពួកអាមានភ្នែកអត់ប្រស្រី,
នៅណាក៏មានដែរបង,
អត់ដែលឃើញចាប់យួន រឺ ដេញយួនចេញពីរប្រទេសសោះប្រទេសខ្ញុំ,
វាបិតភ្នែកអស់ហើយ,
សាកជិះចូលយួនវិញមើល បឹម,
Four six one nine,
បើកនៅបាវិតវិញយកទៅណាអត់,
តែបើខ្មែរគ្នាឯងវិញមិនខុសក៏ផាក់សុទ្ធតែ១០មុឺនឡើង..សូមឲ្យមានកម្មពារ រលត់រលាយអ្នកដែលមិនស្មោះត្រង់ អំពើពុករលួយទាំងអស់និង,
សំបុក...,
ខ្ញុំស្តាប់អាហារផ្លូវចិត្តរបស់​ ព្រះគ្រូ​ គូ​ សុភាព​ ថា​ កុំពូកែទេីសពេក​ ពូកែទេីសហត់តែខ្លួនឯង​ អញ្ចឹងខ្ចិលទេីស​ ស្តាប់តាមឪវាទរបស់ព្រះគ្រូ,
For se* one night,
បងៗប៉ូលីសមើលមិនឃើញដូចស្លាកលេខខ្មែរនោះទេ,
ជិះពេញស្រុកខ្មែរ,
welcome my  មិត្ត​,
Cute,
តេីយួនវាកេីតមកពីណា,
ម្សិលមិញងៃនៅស្តុប2004មួយដែរបើខ្ញុំជិះម៉ូតូគ្រាន់ផ្លាក់លេខរមូតដកទុកវិញចាប់ទៅប៉ិស្តិ៍យកលុយ,
អនាគតខ្មែរមិនដឹងបានទៅយួនឬចិនទែ?,
ខោក២ក្រញ៉ហើយនោមដាក់ភ្នែកអោយទៅស្រុកវិញ,
ឃើញចឹងហើយ បាត់អាពួកសន្តិភាពទៅណាអស់ហើយ មិនឃើញខំមិននឹងគេ,
លេខកោះសាំពាន់តើ???,
ធម្មតាៗស្រុកខ្មែរ,
បងប៉ូលិសមើលមិនឃើញទេចឹងអីនោះ,
មិត្តមុឺនឆ្នាំ,
ឯងខំអានស្លាកលេខ 4sex1night,
ចប់ហើយខ្មែរយើងយួនចូលស្រុកហ្នឹងហើយជិះម៉ូតូមកស្រុកខ្មែរទៅធ្វើអត់មានខ្វល់អ្នកណាមួយរៀល,
មានដែលឃើញម៉ូតូ និងឡានខ្មែរចូលទៅយួន និងសៀមអត់? កុំចេះតែញុះញង់ដោយគ្មានការគិតពិចារណា។ រីឯអ្នកហៃអើៗ ក៏ល្មមរិះគិតខ្លះផង ឮគេស្រែកអាជ័យធ្លាក់ទឹក នាំគ្នាស្រែកបន្ទរ ហៃអើៗ នោះ។,
ចូលដោយសេរី  អត់បព្ហា,
Không cho qua thì làm sao qua được xe chạy dưới đất chứ không phải chạy ở trên trời được,
It's not illegal. Many tourists ride motos from VN to Kampuchea. I see more numberplates from Thailand than VN.,
ហើយខ្វះអីច្រើនណាស់លូវនឹង,
កាំជាបេីពួកអស់លោកវិញចាប់តែពួកកញ្ជក់កាំជាគ្នាឯងទេយួនគេមិនហ៊ានចាប់,
ស្លាក់លេខខ្មែរតើ..នៅប្រទេសខ្មែរគឺរបស់ប្រទេសយើងនិងហើយ,
បើថតនៅក្នុងមុងទៀតទើបល្អ,
nk dg ban dg,
វាចង់សាកចិត្តប៉ូលិសខ្មែរតើហ៊ានចាប់វាអត់,
ចប់ហើយស្រុកខ្មែរ,
សួរប៉ូលិសចរាចរណ៍មើលហ៊ានចាប់អត់,
Four sex one nine,
ចោរចូលមកដោយសេរី,
ម្ដុំផ្សាត្រាំខ្នា ដើមរកាឃើញតែញយមិនបាច់ដល់ស្រុកយួនអី!,
ទៅកំពតថ្ងៃមុនឃើញឡានម៉ូតូយួនជិះច្រើនដល់ហើយ,
ChekSeng Thida មិនបាច់ទៅបន្លំថតនៅស្រុកយួនទេ,
Yuon vietcong illegal motor bitke.,
All,
គេមានលិខិតស្នាមកុំចេះតែចោទ,
អាឳក៏ឆ្កែអាកូនក៏ឆ្កែ,
យូនចូលៗកយ៉ាងអាណាធិប្បតេយ្យ,
កន្លែងណាក៏មានដែសម័យនេះនោះ,
ចុះម៉ូតូខ្មែរចូលប្រទេសវៀតណាមត្រូវប្ដូរផ្លាកលេខដែរមែន,
មកសង្កាត់ស្នោរយកទៅណាអស់ខណ្ឌ័កំបូល,
ប្រទេសចូលអាស៊ានអោយតែមានប៉ាសស្ពរចូលទៅណាក៍បានគេមិនគិតស្លាកលេខទេខ្មែរយើងចូលយួនក៍បានដែរថៃចូលមកយលងក៍បានឡាវចូលមកយើងក៍បានមកមើលនៅបាត់ដំបងឡានថៃចូលមករាល់ថ្ងៃ,
ពេញតែស្រុកខ្មែរហ្នឹង,
ចុមពួកអាខ្វាក់ភ្នែកអស់និងមេីលមិនឃេីញទេ,
បងប្រយ័ត្នគេថារូបភាពកាត់តណា,
សេរីភាព​ ពេញលេញ,
យួនៗ,
ជួបច្រើនណាស់,
ខ្សែគេកុំមាត់,
ប៉ូលីសវាខ្វាក់ភ្នែកអស់ហើយ។,
មានអីចំម្លែកបង ខ្ញុំទៅប្រទេសថៃ ប្រទេសវៀតណាម ឃើញដូចតែបងដែលណឹង,
សន្តិភាពអាចធ្វើបាន,
យួនពេញប្រទេសកម្ពុជា ហើយសព្វថ្ងៃនេះ,
បួនសិចមួយយប់  four sex one Night,
ធម្មតាទៅហើយ,
ពួកវាអត់បេីកគ្រាប់ភ្នែកទេ,
គ្រប់កន្លែងហើយបងចប់,
វើចង់រកមោនខ្វះទេ យួន ខ្វល់អី1ហ្នឹង រសនៅពេញទឹកពេញដី ទូទៅហើយ,
នឹងហើយ គេហៅណាំយ៉ាងនោះ គួរយល់,
ដូចជាគ្មានឃើញពួកប៉ូលីសចូលខមិន តើពួកប៉ូលីសខ្មែរចេះស្រលាញ់ជាតិខ្លួនឯងអត់ណ៎?,
អសម្ថភាព,
គ្រប់ខេត្តក្រុងចយអើយ,
យួន Coming,
Haha sell country already we all know,
នៅទឹកល្អកបី..បឹងសាឡាង..សម្បូរណាស់,
មិនទាន់កាត់អស់ផងកសិករវេទនាបាត់ទៅហើយចុះបើកាត់ទៀតតើរំពឹងអីទៀត កម្មករ កសិករ ម្ចាស់អាជីកម្មខ្នាតតូច។,
អ្នករកសុីគេចង់មកវិនិយោគលើប្រទេសដែលប្រជាជនមានសេដ្ឋកិច្ចល្អ រឹងមាំ  មានចំនួនប្រជាជនច្រើន មិនមែនប្រទេសដែលបាត់បង់កម្លាំងពលកម្មហើយគ្មានជំនាញទេ,
កូនខ្មែរយើងភាគច្រើន គាត់មិនបានដឹងថាEBAនិងយ៉ាងទេ,
បោកខ្ញុំមិនបានទេព្រោះខ្ញុំជាមនុស្សម្នាកស្គាល់ខ្លួនឋងនឆងសង្គមមួយនេះបានច្រើនគួរសមទោះសាច់រឿងយ៉ាងណានៅតែស្គាល់ធាតុពិតរបស់តួ,
រឿងមួយមិនដោះស្រាយបែបង្វែទៅរឿងផ្សេង កូនខ្មែរយើងតាមមិនទាន់តេ,
កុំបន្ទោសទេគេ មកពីយើងខ្លួនឯងទេ សម្រាប់ខ្ញុំដឹងតាំងពីក្រោយថ្ងៃ១៦ វិច្ឆិកា ឆ្នាំមុនកូវិដមកម្លេះ,
តាមហ្នឹងទៅ​ មាន​ ក្រ​ គឺទាំងអស់គ្នា,
តិចទៀតស្លាប់ដោយសារគ្រោះអត់ឃ្លាន,
អោយតែអ្នកលក់លេរឺក្រុមអាឆ្កួតនឹងចេញរឿងផ្លែកៗ ខ្មែរយើងដឹងតែមានរឿងខាត់បង់ហើយ,
សេដ្ឋកិច្ចដួលហើយ,
ខ្ញុំដឹងថាពួកនេះបង្វែងដានទៅរឿងផ្សេង រឿងអត់ប្រយោជន៍នាំគ្នាតាមដាន,
បង្វែរដានបានតែអ្នកមិនដឹងទេសម្រាប់មនុស្សឆ្លាតៗគេស្គាល់ដានច្បាស់ណាស់,
គេបង្កើតរឿងព្រឹត្តិការណ៍មិនអោយយើងដឹងរឿងសង្គមជាតិនុះទេ,
កុំវក់ហ្នឹងអារឿងបទចម្រៀងនឹងពេកឥឡូវ eba គេទម្លាក់ចិត្តអស់ហើយកុំតាមដានពួកអាតារាអត់ប្រយោជន៍ហ្នឹងពេក,
ចុះប្រឡាយជីកដល់ណាហើយបង,
គោះស្គរគោះធុងមិចហើយ,
ធ្វើអោយខ្មែរកាន់តែយ៉ាប់,
រះ ហើយ លិច. លិចហើយ. រះ នៅ មាន ដង្ហើម នៅ តែ ទៅ,
ខ្វល់អីទៀត​ បេីគេថាយេីងក្លាយជាប្រទេសអ្នកមាននៅឆ្នាំ2050ហេីយ,
ចុះប្រលាយជីកដល់ណាហេីយ,
សង្គមបច្ចុប្បន្ននេះគឺចិង ដូច Dymey Cambo ច្រៀងចិង,
បានអាផលិតកម្មនឹងមួយទុកបង្វែងរឿងជាតិ។,
បង្វែសដ្ឋាការរហូតងាប់តែអ្នកអត់ចេះគិតឆ្លោះគ្នាតែរឿងចំរៀងនឹងទៅមិនបាច់គិតរឿជាតិទេ,
រាស្រ្តទឹកភ្នែក ក្រុមគ្រួសារអញរស់សុីឆ្ងាញ់ដដែល,
ឡាប៊ូប៊ូ ល្បីជាងកោះ,
មនុស្ស ល្ងង់ ធ្វើបានតែរឿង ធម្មតា,
ឆ្លាតរហូត,
ផលិតកម្មថោ….ទ.. បង្វែងដានរហូត EBA ដល់ណាដល់ណីហើយ ហុឹម…,
អំបិលអំបិល....,
ថាមែន មែន,
បេីមានឈាមខ្មែរពិត១០០%គេមិនបង្វែរដានយេីងទេ,
ហុឹម,
រលាយអស់ហើយ,
EBAនិងអីគេ,
ប៉ុននឹងពិបាកចង់ងាប់ហើយ  ហេតុអីគ្រាន់តែធ្វើអ្វិដែរគេចង់បានតិចសោះធ្វើមិនបាន,
វិដេអូចេញបកស្រាយ https://vt.tiktok.com/ZSjGyq6Wq/,
អត់ដល់មួយខែទៀតទេ យើងក្លាយជាអ្នកមានទាំងអស់គ្នា,
ខ្លាចដៃស្រុកខ្មែរខ្លាំងខាងនឹងហ្មង,
មិនខ្វល់រឿងEBAអីទេមកខ្វល់រឿងLabubuឯណេះវិញឱស្រុកខ្ញុំអើយអារឿងអត់ប្រយោជន៍នឹងក៏ខំម្ល៉េះ,
តាមពិតអញ្ចឹងសោះ,
គេប្រជុំសម្រេចដក២០%នឹងទៀតបង,
មួយប្រទេសគេអត់ខ្វល់ទេគេខ្វល់តែអំណាច,
៨០%,
អោយស្រឡះទៅ,
ដឹកនាំបែបអន់,
ត្រូវទៀត,
មកពីប្រទេសយើងក្លាយជាប្រទេសអ្នកមានហើយបានគេដកចេញ,
I don't know about it,
កុំទៅឆ្ងល់វាជារឿងធម្មតាទៅហើយក្នុងការយកតួដែរគេត្រៀមរឺចិញ្ចឹមទុកមកសម្តែងបង្វែងសាច់រឿងមិនមែនសុខៗនាំគ្នាឆ្កួតទាំងព្រមនោះទេ,
អោយឡាបួបួបោកទាល់បាន,
កោះគុតមេចហើយ,
Tam ot ton men ter,
Labubu ជួយបាន,
ត្រៀមគេរឹតកទៅពួកយេីង,
លើកមុនម្ដងហើយលើកនេះទៀត,
ដឹងហើយប៉ុន្តែមិនដឹងធ្វើម៉េច,
Mmo production,
Why we need EBA,
គិតឬសគល់ឱ្យដល់ដោយខ្លួនឯងចុះ,
Tra Both Vuth tos read comments,
ហាវ u know EBA?,
ដូចការសង្ស័យរបស់ខ្ញុំដែលគេបង្វែរឋានការទេ,
cambodia should not exist in this planet like a nightmare to see this bloody country,
80%,
Chhaya Sanh,
Sok ChanThydakuch,
ដឹងយូរដែលហើយតែខ្ចិលមាត់​ ឥលូវជ្រុលជានិយាយហើយ  និយាយ​អោយកូនខ្មែរបានដឹងកុំឆ្អួតជាមួយក្រុមពួកអាថោកទាប​ផលិតកម្មបោករាស្ត្ររំលាយជាតិអស់នេះ​,
Koh kood,
Only Bodia,
How much is the package including the accessory,
ដឹកនាំប្រទេសអត់កើតប្រជាជនរិះគន់ក៏អត់បានទៀត កំហុសឃើញតែនិងភ្នែកតែអស់លោកមិនព្រមធ្វើការ ដកហូតម៉ូតូហើយចាប់វាដាក់គុក៣.៤ខែទៅដើម្បីអោយវាដឹងថាច្បាប់ស្រុកខ្មែរតឹងរឹងអត់មែនធូររលុងទេ ខ្លាចតែអស់លោកមេៗមិនមែនជាខ្មែរទើបមានការធូរលុងចំពោះជនជាតិវៀតណាមគ្នាលោកឯងបែបនេះ,
ព្រាយតាមស្តុបមិនហ៊ានក្អកទេ ខ្លាចគេដកក្បាលក្រវាត់ចោល,
ចាប់បានតែម៉ូតូខ្មែរទេខ្វែងដៃខ្វែងជើង ម៉ូតូយួនមើលមិនឃើញទេ។,
សំណាងហើយដែលយួនមិនបុកប៉ូលីសនោះ,
ប្រហែលមាននាក់ក្បតជាតិហើយ,
ច្បាស់​នៅប៉ុណ្ណឹង? អាយ៉ងយួនរឺមិនអាយ៉ង?,
២០៥០ ប្រទេសកម្ពុជានឹងក្លាយជាប្រទេសមួយដែលមានជាងគេរ÷,
ផលិតកម្មថោកទាបផលិតកម្មបង្វែងដាន,
ល្អណាស់បើមានmemeបែបហ្នឹងច្រើន ប្រហែលអាចទាញគំនិតយុវជនបានមកវិញខ្លះៗដែរ។,
បងរឿងជាច្រើនដែរបងប្អូនមិនដឹង ហើយមកតាមដានព្រឹត្តការណ៍ដែលគេបានរៀបចំ,
ខ្ញុំគិតថាចឹងវាបែបនឹងពិតមែន គួរយល់ហើយថាមិចបានគេជេអត់ចេះឈឺ វាជាការងាររបស់ពួកគេ,0